rho_e,alpha,kappa,Fe,eta,lattice_constant,cohesive_energy,bulk_modulus,C11,density,poisson_ratio
15.14901424590337,20.463088773765822,1.2699677718293,-16.61081946191668,0.9324821725025618,7.914122599443906,-12.035642199457778,379.2428706577448,380.5243227408971,14.709231057109179,0.364161047357267
14.958520709648644,20.954708320235063,1.2462316841456385,-17.275592858164266,0.9855481329284482,7.993636932106572,-11.002726573663695,374.5317803910176,383.9684286679839,14.711657802201442,0.3634119236049759
15.194306561430208,19.30071621309043,1.2029815184960087,-17.409099441711152,0.9207580079000038,7.733738323363335,-11.02364870820258,368.0881021084386,377.1372891932458,14.322751119373528,0.35264971592651906
15.456908956922408,20.281484618345285,1.1676531611147212,-17.001687228705475,0.969203847036096,7.6775526530984495,-10.822007146984784,367.9328877064678,380.44741787887506,14.690310553459716,0.36582816731665607
14.929753987582998,19.674678715439086,1.2349111656806795,-17.085092311262464,0.8106385333046214,7.58296989468844,-11.060305557590993,357.9964145442457,362.1117467454451,14.317592100003688,0.3760853187203855
14.929758912915245,19.75643730811765,1.2196742692710874,-17.226614024663636,1.021329370737294,7.634917894004209,-11.461020959997985,354.5956834948283,371.8039750637509,14.514209703110383,0.3579580979003697
15.473763844652218,19.703803037880565,1.2447596610013867,-16.651806276271643,1.0001205475362225,8.389818885061745,-10.990239571718961,402.81946420605243,397.21962074173007,15.817575633747365,0.38107842591010704
15.230230418745872,19.568004615160092,1.2317585900840984,-16.522347395714746,0.918291136893181,8.048935916147357,-11.923879197049654,383.1614942027272,387.7514102480229,15.172573356604717,0.374924650349455
14.859157684219515,20.024260813972415,1.2524776357659668,-16.955796556854075,1.0659245668432404,7.529785126758395,-11.037839885173467,353.9147372817511,362.6982511174941,14.39806186221157,0.3632683908207772
15.16276801307579,19.58452494179448,1.1732382394219716,-16.261234959472368,1.0937570137626558,7.535508408651285,-12.215861987100256,354.2977209617148,371.3204508579331,14.321909758343631,0.37035322388065917
14.860974692156262,20.13522841288992,1.2658697032817163,-17.570844557066753,0.8392440135631025,7.896373212343698,-10.554987667477596,376.46362972472514,379.01387619085295,14.57935607928565,0.38410520138626153
14.860281073928922,19.97488094527543,1.2098799802346198,-17.096829729639857,0.9237275221433786,7.909452959475593,-10.545226265332287,369.5154770658325,373.3596190307787,15.047798490163332,0.3766229914659416
15.07258868146981,19.880525976566794,1.3037630436312633,-17.3584111603014,0.9230857650212702,7.909776767063473,-11.157127205506102,379.8546040687036,378.9903833297719,14.761360460332947,0.3695576422460606
14.42601592660266,19.546218168979202,1.1655406090955216,-17.93326830853653,0.9060096898891136,7.74900884128926,-10.604641854712861,354.42055030854783,366.6271288659415,14.321597187501938,0.3675908273913229
14.48252465024609,19.711614334715833,1.2867981901582624,-17.041340342921348,1.0829474841931748,7.77490914799942,-11.160170271366162,360.1980305126613,368.33901655661185,14.523285076887468,0.37217233687701673
14.831313741227708,20.377695612912877,1.2098955391731323,-17.060873754191643,0.9806173861227196,7.865575904831871,-10.689729872556452,370.2946490944867,374.500584779937,14.582064421634048,0.3639331470559784
14.696150663899672,20.25045859381219,1.1674290998192776,-16.243275128378933,0.973548515868939,7.817178601258666,-12.190287342073093,362.68875287686853,370.6290608089424,14.581511958270047,0.34818707291387485
15.094274199778582,19.511222377600724,1.175805708297284,-16.68459415772261,0.7996137635593247,7.356139925450493,-12.656154467276057,352.7486495659565,363.8872171587111,14.12187551244415,0.38939547198573915
14.727592777343636,20.049666152714614,1.183982634590284,-17.512093412164603,1.0635418030209227,7.754040073884961,-10.786484546406951,364.9919546943319,368.62782611393476,14.646247014145393,0.37208933571677405
14.576308889599412,20.375693561685896,1.2212082973200957,-16.072953716832906,0.8760741605146527,7.629718713147937,-11.83108169966894,349.76196067469044,363.5934538508352,14.180273834356662,0.37199082713300013
15.439694630676467,19.165297359439315,1.2261417744017749,-16.389483152237325,1.0059932630266328,7.835042283781703,-11.45190064783534,375.8583338111321,393.5540189793014,14.742961277218098,0.37115026041261867
14.93226710985404,20.271680096189968,1.171314999803071,-16.708951148265694,1.0277376937958191,8.397051800520682,-11.055048561111326,387.82276427220387,393.93599345026854,15.796897723705879,0.36238284873833243
15.020258461406376,19.668688120527076,1.1987822703869508,-17.113242049424915,1.136065859583865,7.87349633309486,-11.127990450711378,366.28095275432355,372.4666254260381,14.913576215470355,0.3701640375452968
14.572575544135963,20.285299334296578,1.307113517930593,-17.47971961836174,0.8691179600880887,7.73729406276552,-10.300568815753168,366.31879446413274,371.8441984989451,14.93546921084518,0.35212663331034466
14.836685182642444,19.61837042172874,1.2863771585050356,-17.186103388035527,0.6980487844179175,7.98436030039545,-11.356934545142838,377.0741725448572,379.5017462788278,15.17990312186997,0.39051461198125476
15.03327677691296,19.09755894966774,1.2218161834837016,-16.455625690147908,1.0183849544753696,7.896537577441842,-11.69871085889812,368.6678242484513,379.8889952904712,15.080320335257344,0.3596436116611943
14.65470192677331,19.186228781058418,1.2019001739084099,-16.057706847032694,1.1800511181510853,7.8840188980903685,-11.779459549452747,364.0351051183976,371.7054897439577,14.479395022399054,0.3631083907809223
15.112709405503702,20.02404247333069,1.206001566335913,-16.228378235863907,1.1238946352939436,7.921370118643134,-11.656101565161467,378.942126020723,382.16971444150363,15.057369129392127,0.36678826936241404
14.819808393024358,20.129861250860742,1.2306758986365207,-17.24442471089314,1.0209659415274626,8.211308712965907,-10.707622747079254,379.30493719065174,397.1006624819175,15.27030338771435,0.38283069416207693
14.912491875062017,19.547841687447796,1.1488603717400796,-17.559808716644504,0.9508363814367953,7.573822312934817,-10.791448192631334,353.6217803280021,369.49373600409655,14.233035483706978,0.37055777043209887
14.819488016331182,20.319296229388687,1.1871311731288328,-16.9295568765444,1.080712259663731,7.894726415362291,-11.839408163362336,373.09558287081444,381.05502661109415,14.839590294416178,0.3578071721775553
15.555683455352682,19.16923996886552,1.1165707963061204,-17.884219682781424,0.9026453800295531,7.614723774003692,-10.869180938083828,372.6536822575332,371.5629553635112,14.72226465899837,0.3832313574701379
14.99595083257862,19.966960100676342,1.219961156130264,-16.838416142907608,1.047635776935622,7.911102529268449,-11.078880945960515,371.6832093498312,376.5581948630041,14.96601027861924,0.3778524438358584
14.68268672131323,19.394491900118773,1.232359796985137,-17.073801293149334,1.0505470159166628,7.616262697702781,-11.432700188815028,350.73924975068536,353.76150825868496,14.185236630548406,0.37710083593109367
15.246763473630956,19.67408194609892,1.1758406768850314,-17.233018250934123,1.106020990749888,7.716526637278983,-11.069378182579891,371.2927273592589,373.7326125948038,14.772634433363192,0.37886938842700946
14.633746905008694,20.023699335658208,1.2786993381645015,-17.797351533633396,1.2759660038911078,7.740982017152419,-10.242305811497888,361.0172077466167,373.36961750068184,14.410704898315174,0.39665588037341926
15.062659078501426,19.569793317358023,1.1387117168498828,-16.74319994671514,1.0392415967178767,7.995163343868942,-11.35655068700685,378.96803663997247,386.9239582131779,15.048613455296556,0.39310377828282383
14.412098962836067,19.807722227885087,1.126781255989509,-17.266350419830957,0.9491036374292501,7.983690888788483,-10.545809169317776,367.4893865689545,373.6579819579592,14.797286112254511,0.3630084384884894
14.601544185330471,20.50314640460722,1.2112225909279986,-17.584958417855145,0.9974425687808005,7.550856524710723,-10.99204873627657,351.1561064400391,361.16232801442504,14.202820373785054,0.38520698280670507
15.059058370760738,19.711554065238424,1.2523549151306077,-18.436131106640826,0.8230924095110882,7.810986822199969,-9.936607142331212,370.91577947307275,375.6779605536083,14.881540502460203,0.37263949786222306
15.221539973998624,20.41784605603257,1.2841963845728934,-17.01375745252532,0.9305286868910941,7.6580840290501655,-11.138702884250373,365.63185628644345,376.03133370615274,14.323395294411794,0.37346055291822333
15.05141048435699,19.43514657267119,1.177055786856553,-16.113874201665126,0.9590717561886896,7.548299017864933,-12.117003572362915,361.5143079731497,370.69316183588154,14.721769638524183,0.35379771610011124
14.965305515283529,20.26490208895764,1.2539340416715647,-16.169370392726066,0.9475911602065408,7.756596589915126,-12.104878149066632,368.5024218797653,368.45948455969096,14.263738774070495,0.36724224977026815
14.909668891323212,20.720784310328952,1.1980745765249645,-17.228548128293134,1.0152354872033722,7.738303442308836,-10.905875422383465,360.09938665262,374.13157114651926,14.469855405076926,0.3605825503480102
14.556443402889771,18.764177749936355,1.1913686350029589,-17.30110603018089,0.9177580067617799,8.285343297269105,-10.149208978833041,390.9811807441155,393.22462349119405,15.41334600446996,0.3799298127166782
14.784046737481587,19.601552372264763,1.2441829968743336,-16.76561287196249,1.1121030667324472,7.886591965072139,-11.851228178874457,368.2614097394531,375.5495959402161,14.903560128391588,0.382628730926823
14.861808368712063,20.28853606359027,1.2326161439206709,-17.499192719594145,1.0000207064918196,7.524476499849152,-10.53065951365301,355.2558270050906,367.13522362248403,14.2389812794018,0.34867827142757457
15.317136667865675,19.898477306978503,1.1211803921507875,-16.84910405009027,0.9990699678861386,7.687045199165811,-11.577290582181872,370.4912047559863,387.71177066812703,14.582516991721542,0.3699733964248617
15.103085486870539,20.185572936685656,1.2738270174862947,-16.616959860807654,0.9672105283487082,8.00427665908588,-11.244592549602853,375.59946167423624,386.49063935896845,15.10914210306845,0.38051957445805834
14.47108795339118,19.69800740664209,1.2690045677073725,-16.386533388057845,1.015519068385898,8.217688554573986,-10.85775200067291,380.90400821871515,387.61759699248864,15.174536527047678,0.36889238624744036
15.097225190818438,20.04329489373645,1.1687218649245235,-17.050077038239976,1.0825098264667634,7.482803337552408,-11.795983042574418,351.3117286041985,362.8367889182408,14.522286296079281,0.3780291449272184
14.884475315875106,19.922161382303962,1.2197901766718704,-17.101836875088484,0.9132869784289099,7.4240151229721905,-11.530721680605172,345.5588224763306,361.54045716720924,14.280787570479628,0.37280020169595207
14.796923399908213,20.583891030829903,1.224701509314137,-17.43899129337828,0.9341883510924743,8.174193035074357,-10.489677875961817,385.04268078930056,390.63612900971077,15.395239102794305,0.3715907037687912
15.18350288665226,20.127210421650606,1.2130336882911954,-17.41344017701993,0.9696273971223335,7.87792283547418,-11.014997352930791,381.377297942802,383.3903526714079,14.660353485867638,0.36672870334723917
15.309299856748785,20.1688013310376,1.172484742307729,-17.113239445950764,0.8654129076526785,7.626341453624726,-10.762339284554159,359.69342333450265,370.3433044290455,14.485494466905706,0.35615071837309453
15.279384035734859,19.794061516938765,1.1664188316030975,-16.81631724659191,0.9180742140278502,7.9069258172244865,-11.58018752298122,377.0430810225255,385.6462479718772,14.85617234323956,0.3583773176321507
14.748234743033208,19.756196887963753,1.1987222964504276,-16.543207686883374,0.9523779126455341,7.272850452196624,-12.057529853560151,343.29783813198975,358.89796752201374,13.657802351763685,0.37710491049508105
14.907236287244636,19.78372090609019,1.2586364509629682,-17.401589475340174,1.0874389180712727,7.800675101319432,-10.706897047069093,365.49608238986985,377.5985090652937,14.75449274621723,0.3715015299237212
15.099379029421069,20.19722607118915,1.2271800077297215,-16.25365571552024,1.0262561329001925,7.865564234568617,-12.168813386274683,371.06062438637775,384.82382607975364,14.710693006181176,0.3684829867405514
15.292663538136708,19.789507759589867,1.1814692833956946,-17.135561800521284,1.0193589911367544,7.9848540279075655,-11.096602962149152,375.5976100412267,387.2883940766448,15.166894515458736,0.3663756739689643
14.856247728646412,20.144887428448207,1.2385849355324172,-17.01068364717422,1.0850897962167971,7.597220809541493,-11.16613485631556,355.8502781161164,370.046406443976,14.153042447462655,0.36750923465046403
14.944302307000855,21.03770039932272,1.0575728689684962,-17.373605839573912,0.9862628211600604,7.8171374322806715,-10.891521676040306,365.59030634105255,376.51128299753606,15.058374732389543,0.3782563453578366
14.66809950779819,20.435562351715845,1.2574382850186052,-18.21212013013647,1.0390464849928889,7.614915074788082,-10.13819121307488,347.8225264924536,361.24468496895975,14.176725982023349,0.366166899327817
14.641138012775798,19.83698823391608,1.113014311061095,-16.557977301819474,0.9896778247067504,7.851076751134864,-11.566991158319206,369.3504839008806,373.8937840798471,14.748703196697543,0.3568121546462197
15.24375774671826,20.600606961081972,1.1818779529298433,-16.631578051453783,1.026536234939963,7.620930735527395,-12.155118906675996,364.63796272316415,369.34106635971676,14.638519514712359,0.3765006661826374
15.406872008571247,19.795962313489223,1.1440165052686928,-17.140663778559105,0.9417241342388418,7.7183798321679555,-11.120316876785557,369.6317467206767,376.6571591552217,14.544816063926161,0.3677765500767628
14.978396963525899,18.98093773241107,1.1352659262139546,-16.966504641387566,0.756118284172357,7.600836921041954,-10.808548895301062,362.40437906516615,368.9471998424559,14.567428502954701,0.3699132660322292
15.301059869367608,19.495956844541297,1.2580413393689258,-16.74203039114795,0.9865720837813696,7.930227248364731,-11.372544909006773,380.7026038459568,387.99046637575213,14.709716126860535,0.3869495902127262
15.10849080751429,19.064604039487072,1.1766149399344055,-17.781272928443272,1.142274813609994,7.971690223331333,-10.284430120643261,375.4843215066249,380.1529643137719,15.269657036336369,0.37308793448362076
14.806464073618463,19.824243257979347,1.2173251940865357,-17.264526338673146,1.0926215402241592,7.753075886008517,-10.690539406034311,364.3308555269633,376.32696997721763,14.59373649672962,0.37416956561747017
15.108418681652525,20.009209189594777,1.1976539710560408,-16.602867660189087,1.096539748459117,7.8076475989920056,-11.922775807787309,366.83856444045887,380.8939396815522,14.613872853224738,0.3591577441924184
15.461410969939791,20.83821865613764,1.223852041361156,-17.627144711584624,1.1236130721806217,7.510281717073291,-10.443022079626628,361.831681181706,369.9038958120559,14.29786841511241,0.36736299888602136
14.989252188267015,20.163463686882082,1.2038410945530127,-16.853221033916686,1.0088657590961438,7.740064670398643,-11.272748031930584,365.42620035641977,368.09067514951573,14.769731297129912,0.37585699066928335
15.469393096744202,19.890449735595567,1.1358503887905715,-17.6782909023117,1.0197315707405596,7.789959076591651,-10.206625926467364,372.9692866755576,382.2567372825935,14.66192617586623,0.3548626788978021
14.214076468773076,20.414702790591743,1.2498133409723569,-16.766785008783238,0.938234810456565,8.324158618205995,-10.929445496331546,380.56006230545177,384.65492065656326,15.179181683179053,0.3705613934545393
15.246570751312568,18.894432345496057,1.1753121708419343,-17.017820741148743,0.968392714397295,7.577606594845167,-10.841507896280504,361.5541909814195,372.10392473023853,14.371416723013517,0.3729029731794289
15.026114120471451,20.117807279054283,1.1221709050670123,-17.807565907952753,1.0615771149771143,8.092835447750486,-9.973778991555179,378.3758047216178,386.6515763639026,14.909083573166026,0.370793031147537
14.91029779486024,20.385432596943485,1.1785942419517044,-16.417630322771416,1.1203884437168816,7.999371754693161,-11.331812598718953,372.1727441123324,375.0282645899941,15.345225972600154,0.3808046082298643
15.02752823296065,19.260706877110078,1.2750379895317154,-17.367295788399023,0.9860553724319,7.856127280898027,-10.721548131339617,368.2495888851117,378.35667929163446,14.676417649696226,0.3746835251185841
14.403729325619732,20.571877021603463,1.2425110871056746,-17.405126218507192,0.9549810735148588,8.151724096839027,-10.408533498902479,374.67314826197435,380.9000665143333,15.27465536761857,0.38318677567550613
14.934098433648746,20.169248203747205,1.182567393279607,-16.89971540138453,1.0000527958856598,7.874421094521372,-10.810000792614227,376.60222619608044,381.02292868467214,14.84034534524136,0.35972613639542184
15.107133771453524,19.7923560430496,1.1825371147840784,-16.42568132528564,1.0601206748929115,7.877831839133585,-11.603907253441221,375.55851577701435,378.4250910057984,14.64126770289469,0.3723757403350134
15.443368213422454,20.316390933053142,1.1839182474391308,-17.507910909489198,0.8556145183866458,7.7893758693964905,-11.432292734825786,380.27043259591153,389.522508961181,14.77154650493668,0.36876803118165963
14.844518934517906,21.1353464289022,1.303837399178042,-16.969160075076015,0.7703819046862762,8.044713776483725,-11.280396564021705,377.0620728218951,377.2454703724535,15.192775007491319,0.3547405812515076
14.757451919132043,20.090933127529247,1.2190967726115776,-16.785591749834712,0.9449463150508417,8.019293846762176,-11.160503036510313,376.0562109557077,387.13190746087804,14.942778886952413,0.3788305469163634
14.849472886924639,20.124110293150167,1.2215020823595535,-16.65344719636843,0.8779287574085841,7.674864542500758,-11.42856240710937,357.85485764356065,368.87569844357205,14.72081398030627,0.39177780004631374
15.274620635310622,19.77031955022988,1.2515141727015922,-16.91177922236139,0.9491859802352689,7.536150561080246,-11.539083173174397,357.35126912641755,374.5536755988216,14.563453047238866,0.36978115995705463
15.098625332897905,19.575077815267605,1.2119394579513256,-17.18351391954166,0.9852219681182528,7.759403872520869,-10.688316412499184,364.2758388934269,377.0149727355437,14.84261384629255,0.37575227493338503
14.841071938869888,20.415167908272124,1.1870478927089647,-17.41379511032436,0.9546751590976986,7.639992287120471,-11.446762434217614,362.5999343410788,372.59438973697263,14.336271464000085,0.369561600532586
15.153980229934007,19.571958087045566,1.190182507545751,-16.956928058476812,1.1452467534470745,7.787295085076929,-11.209784198296358,365.40626664938657,376.8866275063231,14.495770184045897,0.3651727046613079
15.029123264804412,20.035783118609697,1.1964199370292967,-17.536069505992803,1.032674476460232,8.047487626936828,-11.033565336378881,382.3506713489356,382.51886953184265,14.954338572293565,0.3520475757493628
15.290593497159866,19.761171276617443,1.1981388881745079,-18.460675241747303,1.030047435961083,7.708539668982642,-9.773577451516184,368.11352458010475,383.17999028257583,14.66017639103928,0.3637203969754223
14.789384071836794,20.239489912873196,1.2363814771818489,-16.781720097921166,1.0622207144043403,7.7914353237376845,-11.32628152755522,370.5696076142529,373.04405132144655,14.754187142680358,0.3562236435087797
14.90170135602067,20.166831052643474,1.2025972942903649,-16.5480325794569,0.8861166882219231,7.811604546961679,-11.400339813782134,364.1538300738371,376.5854465844107,14.263432810694564,0.38556852555752347
14.882367554060353,20.51876997212895,1.236632003860779,-18.181466217770918,1.1039111787420268,7.969686176441057,-10.184760670853425,376.35513593982125,386.85732137535985,14.929380135151304,0.36885047490393
14.560945515560364,19.744991800572627,1.1959641709945708,-17.50486535235497,0.992423571346454,7.350622133203078,-10.528483070794564,345.37925246313466,348.9331894958217,13.969740147981328,0.36697505882184756
15.088836083119373,19.865062532353313,1.2039317595158046,-16.6904228694974,1.0670480617241211,7.6786599410469405,-11.244661918658545,359.0256310282066,375.75050513907155,14.480248276931176,0.37983189380041266
15.078316581653967,19.510618142108846,1.1000899657733947,-15.97125226514415,0.8928142766959845,7.8422567384558945,-11.899255107370044,375.071957094398,376.36836630478723,15.037303191817813,0.35868939545418327
15.001534036992739,19.777853369961946,1.245816383735124,-16.989603146162295,0.8446241233983935,8.040015791285372,-11.01657985740488,382.28304325437006,386.06549901248997,15.14468650917678,0.36122189411401456
14.929623859987457,20.188650246522425,1.2173244237948997,-17.364001470614568,1.0817889658025028,7.701619510498759,-10.711581494629828,360.19105230643714,372.25942686294604,14.80039241936181,0.37112131185746644
14.575388777384875,20.378494308322676,1.2499005054929826,-17.09144822055242,1.0376409526097516,7.424689458791625,-11.446080327139917,342.24628525703065,350.44418215765796,14.008919839594366,0.379907110823687
14.873806403170393,19.538917337911187,1.0551872310903154,-16.312561790425907,0.909794844564249,7.923942289193227,-11.384726541738349,371.04801002262786,375.40539923115864,15.048170212925303,0.375036964221508
14.897185645041969,20.43480296005283,1.3044187352390364,-17.322982089562267,0.9130336918725306,7.672927522234874,-10.439936706535903,367.84160893418164,376.4819680308679,14.81584169126621,0.3707439824237785
14.759316819233515,20.677818929402477,1.1930205185922413,-17.399596003325126,1.112543478441477,7.562066668181927,-10.587732860082278,351.9802549931368,367.4408119266501,14.557302055974127,0.37055097427796996
14.951614286500197,20.20671745161185,1.2554091408368757,-17.241371761091017,0.8810588107132672,7.675130922057355,-11.241748708374319,365.27278329406073,371.3360157916915,14.284590921700325,0.37239951175917674
15.121215257044362,20.938397906279032,1.1480047036437233,-17.476664304129358,1.1642672953255964,7.7630949284688295,-10.685659364794033,362.4148041149011,377.6388674899129,14.618150228603639,0.3717824061919905
15.565855770363159,19.613105400448212,1.2306386952531285,-16.938664842002602,0.9099379265352131,7.679051067092357,-11.864509571883586,367.7051173807016,379.5755393224572,14.562714813621207,0.35957344571668637
15.05237334384955,19.37767264834429,1.1473292218413171,-16.18766077076522,1.0638391925608384,7.358886788580186,-12.067439477756464,350.37649096695185,365.77360439363576,14.146655758655456,0.37234383884525135
15.077265117216829,19.11063987554786,1.1688115519652098,-16.838460363441985,0.9671381524251015,7.979413239377426,-11.04983240197091,373.38448741982614,383.8856479746769,15.121843593512413,0.36071321518397775
14.97766622527015,20.748022155744593,1.2957015676933392,-17.126176751063145,1.0603187431082344,8.054975008255743,-11.396554574302634,377.22943940377627,388.1645302481999,14.910217222632497,0.36991796854860143
14.424368635410287,20.32718282817703,1.1904658799618326,-17.145905634457772,0.9455885997885808,7.930304398267901,-11.100044280325438,367.67986040887314,377.6976967703853,14.793898027267296,0.36399504092664936
14.992045837365234,19.972207664544772,1.2108716436589861,-17.78159540434833,0.9837207093927706,7.572462865915036,-10.712009863536094,357.5094387799979,364.8136594095222,13.953117999914376,0.3952866079926668
15.018069062982308,20.13998431315991,1.2435033865344376,-16.55844511142642,1.0040919175395722,7.759701693210496,-11.682429524372472,365.2570812404872,381.98664569403223,14.931555353572582,0.36936200671155883
15.738972633745586,19.437255476350813,1.2247840943986301,-17.038918598506402,0.8997812544218527,7.798695736954108,-11.708525372214243,379.0173777246655,381.81015461636474,14.743363284044941,0.35608090592890107
14.942291710565664,21.222875989808415,1.2075209452571787,-17.090239956795312,1.0740824345420126,7.919758877912382,-10.848648899034663,373.4425733289272,387.1195634556736,14.879269446950605,0.36695327025903407
15.090464202700083,20.064610590987613,1.2182480501233113,-15.403446216077569,0.9486786433528415,7.933668097743616,-12.441441109400321,377.88857187395075,381.9699688185669,14.856665044357829,0.3745511527079321
14.989586469088428,20.054697397302448,1.3201707792619137,-16.850623545817157,0.9771400084659981,7.6531652402443004,-11.461048579360462,357.9733406595185,370.86171376532957,14.70687066918682,0.38639564475158034
14.64939658871414,20.362883311949346,1.1971190601483206,-17.375895525047593,0.9005650625391488,7.816399111282712,-10.928445700775859,364.72010303327954,364.4980982943198,14.086976696387419,0.36238536000210564
15.342846844354506,20.240504615868357,1.2100549523357482,-17.21317879810277,0.743766634120469,7.891456080923048,-10.68262704323202,383.36718843748986,383.69166110733613,14.90243142179029,0.3511323773692316
15.225579909806033,20.111942012139565,1.2525327198003806,-16.42577714540162,0.9808972237399831,8.091164464429353,-11.014505288631645,387.07826929562725,387.9120902574968,15.160698927105695,0.37775345832743057
15.237309584112914,19.604762772277343,1.2552762966478992,-16.943364794731117,1.2412615421612916,7.940901307964944,-11.31433732598786,369.2839542710105,383.8160527104814,14.868086601251663,0.35939710281806175
14.727183763561579,20.235734178568,1.259351515278019,-17.719138989158683,1.0784604287898023,7.957811337475103,-10.48824204982974,371.5840222804904,378.7502279196105,15.227399068052097,0.3659515815156872
15.42083829328083,20.941012248237517,1.231936511101459,-16.5403855327124,0.9980739620265605,7.816765325585872,-11.537451201155413,367.4497348066919,387.75378333411976,14.63184975526382,0.3655225102686806
14.579444681162316,20.67271002307749,1.1428497543634757,-17.334072042769495,0.9737109170791732,8.082091829040701,-10.61456696312792,376.44910212308065,381.9654024905612,15.193385915240647,0.36769535459163566
15.176057128140082,20.796593313319697,1.2816715766150548,-16.063351111891226,1.0022465892812047,7.881952559191899,-12.031361490671303,379.14781618475604,384.4378765120054,14.929390822157082,0.375320923836916
15.657136687742993,19.744392161784408,1.1426827303490656,-16.459975967142675,1.054711911517521,7.627782417965285,-11.752113459586072,363.77047727580714,375.074096143106,14.82540481500363,0.3642219919687425
14.702839102460793,19.50519758987071,1.2151317732619515,-17.223660947829377,0.8819187184691155,8.080673994025037,-11.21749909405836,376.5941959091557,379.9838548588779,14.928140994574214,0.36707149948328216
14.830110681119168,19.937106539950175,1.162286207499032,-16.359491819132444,1.1114321694668872,7.939580654507806,-11.17815282118902,372.69275788444907,386.53720237377144,14.72879933816079,0.37109740508527467
15.029895409526292,20.027862456144348,1.1967930826703503,-16.9660722447363,1.0715381315441244,7.711391195774303,-11.244421736583142,358.05393091832104,370.7458571008678,14.792279857062193,0.37215563597834045
14.84895730376514,20.547095759235475,1.216438120515174,-16.57361316243889,1.0718185725707934,7.704101406520151,-11.694224364205906,358.27147941280197,377.4736437336921,14.611007832199276,0.3706022659543162
14.53480097068016,19.15376768514259,1.2160678607725135,-16.757633591352764,1.0438475738809727,7.859315109028152,-11.216898606103083,365.8557234016872,371.20039760835454,14.38694538834291,0.3764909981207504
15.020568892441808,20.764775159730306,1.2210960377117641,-17.423178327495435,1.001961665769399,7.892636959053517,-10.721895458109618,370.1956986819452,380.82074885143913,14.735208214175982,0.37692846143465075
14.681308885882169,19.920996050710507,1.2806855634529324,-17.32177491615873,1.067286123596682,7.839458453126241,-11.261300190340647,363.82983132988034,378.3893505325069,14.772725987635408,0.3747572102910555
15.142077729190554,19.78655946502629,1.222676715075699,-16.48501959120942,1.0591814133741377,7.862261734688577,-11.166866239195308,373.4952474348644,386.5380483080891,14.989360992180295,0.375554550438781
14.72417272972986,19.493947812369917,1.1877921682354675,-17.16738766605327,0.9645959289058976,8.139991474915275,-10.641232169205162,382.2641557088597,385.5703310799487,15.018975627680295,0.3548358319968544
15.464980321505262,19.172571664067114,1.2482043584144178,-17.201824231621,0.9426398227103099,8.014308630446976,-10.813494507655621,384.92805017846536,390.9802245359504,14.53160781200813,0.3715835318906257
14.76502401229913,20.411585291980956,1.259473524446232,-17.477561289674675,1.0101856295261986,7.838127118253005,-10.34242527571566,365.3188470325659,374.9180583907008,14.81484011698674,0.3740737611913162
14.903381545138297,20.0366589835942,1.1386196092431504,-16.788200467203268,1.1549020151495188,7.988262116153496,-11.47736619850798,374.0642265693431,383.54233925488097,14.719005345269109,0.3787651141300113
15.2440551652109,19.355019550129473,1.2298700034924928,-15.968737540378427,0.8760892924346099,7.593495219294492,-12.1762527112397,362.3996334920574,376.21792636720323,14.035586102359437,0.36312734608174924
14.630740705069814,19.35246061396819,1.235058637115545,-17.533766457127136,0.8532474734247559,7.879585409989361,-10.584731415710298,370.40719188919536,374.57816469224116,14.179061071001177,0.36323716075742474
15.06823798038124,19.832107650354935,1.1851218248320003,-16.98789027166362,1.0164760841236518,8.161861269946622,-10.646539947559432,383.9288565969302,394.5200379711039,15.41923567303573,0.3647595387876907
15.39214282628473,20.834510762644697,1.268785340665581,-16.293889722292285,1.0050887701856017,7.756390820921525,-12.583230395584026,369.5664711401212,387.9898604658686,14.738738286720228,0.37374600517548007
14.517755029631632,19.8702043243182,1.1924972206483737,-17.039820695622858,1.0173341664370408,7.630473214276183,-11.13801009921198,350.6555389027269,364.3918453431864,14.30412955119815,0.38077174356497606
15.05539015755969,19.248428523440946,1.206278822673577,-16.773814101875132,1.02439531979085,7.669582222281388,-11.65990597909874,361.66120365683895,373.7839230296399,14.793256237526572,0.3676724950781106
15.077964838274527,19.87712846795703,1.1913464087858066,-17.53119676407344,0.9776797745365194,7.582073392531522,-10.741241632139294,356.3008896395634,363.3441928683802,14.516167993056802,0.37910216394572166
15.234546861533193,19.863638215126166,1.2007789523790733,-16.785846451396175,1.1489863438602081,7.643047618374459,-11.401280151155964,357.48615852022766,363.641956236563,14.834740808412711,0.37299738509999575
14.628914786736576,18.651556678529214,1.14518624565524,-17.093572132502274,0.8399096021523484,7.725898380281994,-11.232271996093335,362.7928341994517,369.37247913932106,14.236083433336908,0.3698531248928407
14.603863016074717,19.972852566741093,1.1279974558702852,-16.50713500216007,0.9171502975219754,7.518886596164271,-11.91170677983223,351.7282879955762,359.0367670779064,14.192192372670558,0.3671119555435579
15.15658246968507,19.88453273489566,1.2797252531612486,-16.406306974217625,0.9896745239850953,7.80312366678992,-11.770061126716008,372.04870985894104,377.74925576894947,14.412659319132292,0.37759379341608124
15.089095401969956,20.34810318240671,1.1576519325840835,-15.705218178990693,0.8356811188845833,7.980455434757329,-12.476641480386535,378.30355817008876,385.79093967233683,14.942625766158892,0.37091638299190316
15.075147855103763,20.92447804747267,1.1504303825271847,-16.710183413393214,0.9824145595567929,7.6184487639706155,-11.328746097379328,361.51199911613963,370.1909498930998,14.39297954622334,0.390733443777099
15.103934462849093,20.563282514773878,1.0923304943198142,-16.837101841708918,1.1661470165728018,8.103856784728354,-11.204926102081547,382.4248853845814,393.9900188683,15.301894797114963,0.362012658706207
14.795992583526452,19.865555654722584,1.1680519126155249,-16.90280784921133,1.0020886488295961,7.902158417705519,-11.976161793638518,371.1872256689108,377.73901667314243,14.82154891949195,0.3754707921991506
15.0696761091483,19.446737045629163,1.133845510329625,-17.176583146405346,1.0230700905718684,8.006116117124812,-10.969529853921937,375.3067867454521,382.372950781795,15.14779082517286,0.36604521671634527
15.087921741989604,21.28667990162493,1.2821007580068184,-16.830758078269156,0.873983523482742,7.6684330892295725,-11.750014096208282,364.80799663042075,377.5484622597133,14.660922008870058,0.3574736055616911
14.785694574592089,20.029609217007245,1.2504908544671316,-17.147700705069514,0.9383638591960523,7.970905045413323,-11.315394120303568,375.051279624315,379.75913926232244,15.34448221851503,0.36921574878759633
15.559732353343428,20.006964645956472,1.1655924827411137,-16.915769511865193,0.9624803619676063,7.581613219920937,-11.940912185967129,364.74369526077066,378.52901943796934,14.421306969492866,0.3709843991218335
15.142149876273535,19.987937456445,1.3126217902672155,-16.34120123219602,0.9682284903243766,7.978049500167302,-11.620277620999762,371.8707596666627,384.8467642092689,14.807299685372383,0.3988881455409547
14.642608950839206,20.099042380383928,1.2490882743495797,-17.50327128263982,1.1281643795003768,7.834367867958706,-10.172380287876262,363.4022702609968,370.4758326416546,14.729290315169184,0.36924210087740394
15.19696608259015,19.92781979403803,1.1837584308245688,-16.430060719435478,1.0557691060725125,7.910650243996956,-11.549160470983166,380.89981136673316,384.20719981331433,14.744912577085557,0.3594002641778023
14.707595498931804,19.713168996559883,1.0750297142563212,-16.34144246633007,0.8888542043062968,7.56488107887503,-12.02556015957113,353.76049232888056,362.334049116006,14.585232871786214,0.37219231122488705
15.236125381122736,19.726570529379803,1.314547128629537,-17.05903426349554,1.0246504778432004,7.620986031544679,-11.176964113989667,359.51780039125623,376.17613611984245,14.42206051575252,0.35004696334420876
15.347578673702222,19.983623364892,1.13052137666182,-18.060927449504298,1.0498221748496785,7.919445643650676,-10.35128502548561,377.6965150490287,384.9773163624331,14.83556892664166,0.36961140719267016
14.753795304494487,19.728287614433118,1.1177300626521554,-17.303910993547216,1.1140149038521265,7.61033039915516,-11.165142368689539,355.0238410804671,357.69615289431584,14.271991515401414,0.3718438266326067
15.289012838773296,19.643577108661418,1.251128521600482,-16.351502726719445,1.1580540686568375,7.8926412584198244,-12.10197089634884,376.55690663400884,383.347590305327,15.040447940078725,0.3802393902986977
15.123834278080949,20.053215113845948,1.3219876203169636,-17.01143403114944,0.8984905808172131,7.526572438707951,-11.919943663659396,354.18292618234096,372.2319206901206,14.28307611703182,0.3786146980747587
15.246618047998346,19.87251139128957,1.269213640925526,-17.499651116147454,0.9189142488789661,7.969634842533334,-10.765522545668563,381.9150821704846,386.4511743387103,14.875442509373594,0.3644084235171334
15.569037894796184,20.751996494291344,1.228195456002618,-17.25238746061411,0.8742422141085384,7.553495337046298,-11.24338201657111,366.65196313002104,375.01382797685585,14.77712096805339,0.36573228900620336
14.926383565199139,18.674515095803493,1.2297377170832642,-16.579689986747724,0.9765980140893019,7.910459987535904,-11.45641232177093,371.76732460344806,384.11760427429334,14.679732726211332,0.36475574164317937
14.773879150692753,20.54575342596123,1.2426707779390154,-16.72663321589931,1.0466358374446334,7.9251261867292,-11.362602675503611,371.0259494271514,375.72072326382,14.84957832503895,0.3580942259744469
14.733145671112343,20.623042596248816,1.2379464294893383,-17.119466049584847,1.0987334516589102,7.660645636314085,-11.361873496657475,359.4615934187936,361.44327254257337,14.568058819015642,0.3728401971178979
14.755256914510369,18.963304883795924,1.2140595711984687,-17.183412205907345,0.9924048976357477,7.916405313416945,-10.645558577216207,372.8023749085617,377.0724885248814,14.499392330944078,0.3592615837227996
14.976869487175769,19.828656202959827,1.2052100551975937,-17.195879074521912,0.9680152476745156,7.852088452666711,-11.329144601641888,366.73902640027603,376.49625961547713,14.869558676716405,0.3658765710651069
15.102345592444992,19.814279567002103,1.1968703436050239,-17.46120509224925,1.015175799224874,7.692231628761452,-10.624289349030223,365.97226697278745,370.1712299327972,14.347795026535087,0.3605714592592522
15.083007239799006,19.29624415264109,1.162301770556666,-16.192312155265277,0.9164857098369977,7.598289063184758,-12.365786503493315,360.25672547807494,369.1770006571264,14.578591598903738,0.3760692006559905
15.248154974710808,19.61109165620456,1.1859662461566614,-17.16116023460567,1.2089538721694773,7.407474861665484,-11.611598661163743,349.6742253866524,367.35278674441776,13.968313085056593,0.39088165640195055
15.003900567563372,19.444712077267084,1.1153521592902307,-16.39142073958725,0.8392338972881941,7.869930009459939,-12.092137144135284,373.485284385837,378.7836674259965,14.944228934072354,0.3564870349903145
15.436060223147194,20.876135221711813,1.1950830186602626,-16.239341974038773,1.0184740578895723,7.487039445727588,-12.36304295128091,357.6721618286706,372.46889094193716,14.538937826479764,0.3499022853064965
14.920602950028613,20.46783919657373,1.150570444642454,-16.50084455092602,1.202360621922964,7.819068839888262,-11.275935175486195,368.00046113155474,383.11183240890944,14.885011154964678,0.36983905897258157
15.816050749976885,20.635777547497078,1.1448205341392115,-17.215810156359023,1.0006799844559997,7.74731035678355,-11.094856769520474,374.59370864631194,385.0798544873509,14.834439014818322,0.36889222270914346
15.187700204329502,20.360836032021616,1.208994707557674,-16.798134954831696,0.9809960964998505,7.935828555087639,-10.995593225554694,373.1109471865398,386.0442924033435,14.89502268491142,0.37127488196852826
14.742852733075114,19.435474114391386,1.26960011431723,-17.01209780319546,0.9642554577189573,7.739590900102027,-10.960261668219335,360.9736132660342,369.01590671262323,14.442672981501095,0.3663084011960634
14.678732250581666,19.737739866860114,1.2459158303001157,-17.451850930365065,0.9819608318237593,7.734110442730581,-11.03723156938734,361.4008517011177,366.30403237246355,14.831119052375627,0.36833773559626304
15.144741724572956,20.24468728061396,1.121474969818841,-16.837820359139197,1.1372848474676531,7.946374140857659,-11.33137786212031,377.79985829522576,381.66544997970226,14.80861051216755,0.3745585780188546
14.932961164402245,19.388936095554026,1.150518593171483,-17.5895198955799,0.7788138088670493,7.867011605816823,-10.788886601731171,374.99222571283747,376.00821094046023,14.579696426891685,0.37941457482401086
15.214200148227627,20.356499215086195,1.2470385593994107,-16.40616030576922,1.1533433701296325,7.863231191436555,-11.30802305956524,368.2098597004881,384.20322581375007,14.970760603806925,0.3512699475679411
15.141971287372064,19.879837300920933,1.1508756303230845,-17.232308648649198,0.8576042847549855,7.893853517961705,-11.276904028203415,383.2339310162858,391.5151859075596,14.709947173779671,0.3651269738553934
14.978151326202939,19.8125895962252,1.1887683425001487,-16.89942017206358,0.9733347670765585,7.492885575358579,-11.208691223916095,354.3621230774708,361.67657850148356,14.04494592878523,0.37224625641772585
14.74596188457948,20.355479984101745,1.2275026049512276,-16.85835606422693,0.9570755579701338,7.951357735997396,-10.822177454246695,376.09385099681566,377.40317250035423,14.587508128478037,0.3596800345653905
14.545545832594241,20.22213165574302,1.1515827772568181,-17.12945248685204,1.058855326977072,7.92249375880272,-10.259975083183209,366.5062988605473,374.0581260501933,14.696267836830827,0.3874559862759577
14.866045514379893,19.81951691709046,1.205268775307298,-16.70665309926236,0.8401875648116253,7.5966633742847005,-11.661267121656762,360.5176937010965,368.48926436849223,14.35166115952373,0.36240874301164794
15.256919638297042,20.579664901682126,1.1332987252540898,-17.23745182831126,1.0462172666081944,7.75118390526516,-10.845630001472845,370.15073797372173,379.17651745741165,14.726778131089288,0.3688899159926449
15.064228123239062,19.45946833620005,1.1699316178024393,-16.564351351271377,1.2024309623286853,7.792138542474474,-10.890985516610016,368.5411263745499,382.25281562958844,14.89131468721942,0.3786655939193097
14.626278366386403,20.30796780347213,1.2159890967071267,-17.672989840123375,0.8636825995407189,7.773100643119653,-10.646430476481635,366.9954871438622,360.4692540074801,14.690286222689918,0.36210804250044404
15.051954277755355,20.296550628984193,1.1203503133234165,-16.936810210226795,1.0189706167610395,7.866771993313707,-11.638664088642951,373.6137878662223,369.9096511790972,14.772374401610996,0.35113087443159785
15.11559521391865,19.845226780343005,1.22202373689802,-16.030535500470858,0.933801782220339,8.086273356366236,-12.401808784230226,382.59830602177175,387.9961474006195,15.11288994205714,0.36536101899235207
14.73484276913966,20.16306651112106,1.1990181100536659,-17.500165662302788,1.0425887206193036,8.016353345534565,-10.243394077987828,372.2498071759078,385.6587895688571,15.073530065912816,0.3803941597432213
15.046117531783658,19.37444321180735,1.2276244977208572,-17.338872485262424,1.0019147777415751,7.537556161313718,-11.633057440968571,356.96676990112803,361.28704904449535,14.570071780913024,0.36790131008594973
15.0174626155338,20.46201350960345,1.211195706703233,-16.743046075170543,0.935851309095569,7.924413998061209,-11.408376172254606,377.36017760500056,369.91181855952897,14.915376360095216,0.3599701430571591
14.657108910650813,19.907548931778507,1.2682070214986922,-16.910209109030202,1.0487872284871074,8.065786663907081,-10.793904793573308,374.65607992115736,384.92929372578186,14.936275607148701,0.3799294965163413
15.107336208104485,19.73863848974048,1.2062612251323954,-16.82468495036322,1.1804348109786744,7.87736170413784,-11.2317903751646,372.93551048316914,382.3668303619809,14.638936597610549,0.3690193221700753
15.16823535791047,20.524504612918445,1.1785297229437373,-16.75540643492617,0.9809096208272702,8.018196085037193,-11.128397933779048,384.53743559329246,383.31960567027363,14.771900146255438,0.36365847884593366
15.324915372952583,19.64782815472862,1.2061148751516142,-16.682639265719114,1.0719757942148183,8.202454089140153,-11.152399661775716,386.9111440583445,393.781123903748,15.50191814270945,0.37291866252932404
15.31614061561047,19.29576935181822,1.2271649014518193,-16.44515007902189,0.8706727042128837,8.004741909221396,-11.206752717907152,380.4505138124798,385.8701861503464,15.1859366916821,0.3778226904346803
14.586699189612872,19.22168541323805,1.2024430035162852,-16.795090671535743,0.9043563623181992,7.849861719128346,-11.465106616251498,365.91490669217535,372.91299566581074,14.807605121636426,0.3944173281140314
14.718652488025462,20.30300497567282,1.202029584560194,-17.12062882730927,1.0472406277880377,8.00901769481695,-11.0029101215723,374.2711517517256,378.251673981859,14.931525150560109,0.378138757403109
15.154510580162597,19.359785323751858,1.1649004156096623,-16.663713149398635,1.1484116028535964,7.828977566619378,-11.716164686239779,366.93292109373454,381.84534204979207,15.055755415139936,0.3843629450449157
15.154135785273663,20.877397090992183,1.1668549541224524,-16.050059032552394,1.035561334878566,7.804780608656991,-11.806400045262754,373.11661848451143,367.51487063363743,14.641174371123254,0.36354115717692276
15.154514305891814,18.95903529605814,1.1298697364100152,-17.066316873191287,0.9686941969476845,7.729717152857253,-10.929123166218083,367.8415410905688,372.3005831770853,14.816532437905684,0.36151019031766585
16.155819447196418,20.848228184145018,1.2874788371593469,-17.48726465233532,0.9999291405423354,8.112682671766422,-10.682059044622626,396.4360978012817,402.67195689352474,15.392439318091007,0.3689261485333245
15.17126715320795,20.105508733601308,1.1378068382304356,-16.446459665356514,0.8749592266030283,7.636314266811599,-11.478853567999025,359.56297561237545,371.42933824424864,14.36705467792312,0.36961027395142365
15.34066969205418,19.951643444064803,1.1653547401102047,-17.060190581976798,1.0604515326355366,8.106473544935623,-11.315695977312993,381.37855587005794,391.5679756045866,15.346350317277823,0.3599161010245798
15.28620052904796,19.727540456595523,1.16407963672154,-18.086334773007017,1.0882333062323408,7.899972824748074,-9.68751309795483,375.18264640121,387.82094672846995,14.989126566668501,0.3696743068500922
15.19541737539174,20.199568057176034,1.244746218847222,-16.57628916142479,0.954790966716692,7.520138765039611,-11.355369028548957,351.2828182618404,361.8331009086424,14.390686174491151,0.3731419495700061
14.905419226607897,19.981182648787577,1.1852525160853986,-17.26766409297696,0.9529957852240498,7.8735298585982845,-10.610417863417442,373.58542347258236,378.2264555187215,14.807634317630246,0.3731715265048462
15.22769076614798,20.551650941008262,1.2623871036336867,-17.04526664115208,1.0265878229652048,7.379994698469675,-10.969811492704178,350.2519755645023,366.9086083877372,14.107951584590744,0.3742054548814782
14.76815243563873,20.05711382433102,1.1663254687878066,-16.83400983471549,0.9563280263959404,7.925101603366207,-11.636462070567125,381.0238940115428,385.2975685903252,15.318957290751145,0.37235869991667186
14.928954417977998,20.075150880730938,1.21394970811119,-16.904750160110467,0.9933867385374178,7.977046296597798,-11.24008224126954,382.070203543717,380.8020190953472,15.188211657531532,0.3647134790312117
14.854390935651269,19.81819389389307,1.1582326473370121,-16.64527409143048,1.2099721789166515,7.681528808869589,-11.74586739453786,356.5764158608033,370.89427173460876,14.637736779431739,0.36732432773489193
15.024562241815897,19.971527188139465,1.3072574563886694,-17.21774318528492,0.9752974299254004,7.824709539191116,-10.733652040025714,369.0245125634412,371.67624053986947,14.764336588790531,0.3578204059430363
15.694397570002053,20.15390088444603,1.1406200790485244,-16.743447100911958,0.9641659847978777,8.190831486750056,-11.599773079843692,398.126186943071,392.69740047600726,15.62655818424483,0.38718160847093763
14.439820442222477,19.144915803671687,1.2154910355113513,-17.12977333879196,0.9352458194364841,7.698850659147612,-10.724286509359851,362.1755802604494,367.8810861001988,14.539839032444203,0.37119713023321443
15.205878057112354,19.325907288947143,1.231688844046605,-16.63059475955625,1.0744191971499937,7.58821848258868,-11.304014303359045,354.18334077429165,371.87208978321695,14.428744285860297,0.3698438468356572
14.516185238643104,20.371632047011357,1.220689954872575,-16.692316257993472,0.9818775826781897,8.09633268049252,-10.845679925713045,370.75874134711387,386.0988561608488,14.987023203414218,0.35978759091823465
14.85842044026317,20.08543271906397,1.1907356170561145,-17.467719351022296,0.9350626961678574,8.192517438106158,-10.29558631037676,383.7610263449975,384.7019349187012,15.244276777679334,0.39853634054682846
15.32668517909021,19.90800833182366,1.1935089650133286,-16.457008941912484,1.1321304032273012,7.800739134369569,-12.040482956151807,371.24107197764926,383.65678557078706,14.132360590196786,0.3607720070463967
15.01928400572864,20.009216966532698,1.2021905735989555,-17.267981722557025,1.1419603004513637,8.002292607081671,-11.016822592787179,376.7026852415579,392.47377346028156,15.049415879627762,0.3671126898153875
14.676676566621207,20.173790852680835,1.1926498999185755,-16.595971100859426,0.9399576434261295,8.068295183106176,-10.83687394953716,380.52222999821703,384.1136380364316,14.940082871961435,0.37321036309176026
14.78540888722201,19.73012015984532,1.2481939558397455,-16.81635634329933,0.8133460048639384,7.651503153492323,-11.139822230630458,357.262125512318,369.2367622471697,14.752870507339464,0.3746753493863916
15.203879324680402,19.610847637298843,1.3105261500795675,-16.080908161602437,1.1007513689836923,7.702938832926426,-12.133288974584893,356.99264976392055,376.91479005365477,14.599052928488069,0.3813651389673961
14.780890010484859,20.09792262754884,1.1721254107496082,-17.111732991185924,0.9315370174239996,8.046174902630947,-10.922033646621486,380.19445914154915,376.65915402408643,14.787647672136401,0.387195609996835
15.064937576874593,19.510813611192486,1.131509851021046,-17.174658398059098,1.0790625599162769,8.137002855741702,-11.35949030302517,380.7411701279011,395.97547289000016,15.208515768161849,0.37683057493138494
15.013671551971145,20.204126377857236,1.1955858975824372,-17.009709802943867,0.8029896182288164,7.91257617203487,-11.386175284634493,369.8903357918175,378.84848409664147,14.662374351434034,0.35706133542690704
14.804519895718254,19.14870819788108,1.328985466882716,-17.15158989141714,1.089259733829931,7.624037129299589,-10.5252022328512,356.12836042586434,370.03247056871436,14.491641156235529,0.37002572969131936
15.643183226797598,20.514577818662822,1.1598162716015135,-16.600029049028976,0.8788828070719219,8.197412222339889,-11.777187138065571,398.50718510905057,395.6680592059095,15.482944451737248,0.3708379961585324
15.190175706695403,20.23629874120652,1.2819558402722033,-17.808155304218293,1.0730764119066525,7.693805820437607,-10.513136591715853,363.40373491318,371.37706367107654,14.770311798217145,0.3909404270517117
14.392457224002717,20.12801486715694,1.283885040703822,-17.526841209573178,1.0014273067836434,7.73297244376571,-10.251403745824405,355.71112037584993,371.3954453226598,14.319773752110194,0.3557801885492796
15.055936294430829,20.49134549197276,1.1723205879146001,-17.533901460789597,0.9046060580603354,7.868467566897924,-11.017107281453072,372.3624035198008,378.61035459225917,14.820690228478682,0.38008913464891014
14.801464060569483,20.832737222231287,1.2284491539592637,-16.524846204013212,0.9592963687073219,8.110832084142954,-11.223384637266491,379.4731662005098,392.1266487872934,14.853536579243,0.3697266329380749
15.255730000438867,20.507185032509064,1.2814198311564269,-16.144693313709038,1.06863184569567,7.970795195310444,-11.588441554261125,373.5958691207631,387.6083261335605,15.147637749438381,0.3780502537442334
14.76224377847019,19.079562884334177,1.1810436129506257,-17.052224609268738,1.0105894453115234,7.882973100072382,-10.970857943803779,366.26783632039246,368.86757672998834,14.880682641890635,0.37092682151808753
14.965579067559931,19.36021151663215,1.189820981994882,-17.084410861595007,1.0584412980472484,7.892657706023621,-10.13848074490974,372.1563060484141,383.30563842942,14.931263376752932,0.36343966364594493
15.151496183694137,19.68759071115216,1.1709159543025678,-16.96497391844341,1.1976440584515486,7.808702933728693,-11.728760030811477,367.7458534733552,376.71980488686785,14.743677443603255,0.38010998695622444
15.259726558251037,20.013045525105415,1.1492621634653566,-16.419060848695906,0.8435758388288949,7.911627902903701,-11.35345184098361,378.74882875649274,387.3693911205676,15.002341744163518,0.3749539776091344
14.639911077883268,20.258829510234563,1.1675361227466996,-17.463676567095288,1.1617212574968625,7.2940879844611395,-11.066318957945143,334.87882720176725,352.04909743303386,14.189982013930083,0.38082012321189673
14.899649629247715,19.637128093423268,1.1388029866618872,-16.880815508632608,1.0104355937523213,7.74067850818604,-11.049679696199304,362.8490634595605,366.2279548379725,14.5339288367202,0.37069705339689035
14.857516406651714,20.09338338223854,1.2017041734129612,-16.512401185108786,0.9101215951676872,7.848264386983356,-11.38393901548827,362.8929394769504,377.1216932685398,14.771628898547393,0.36291622895400133
14.804001230227886,19.62230853382334,1.1615013384470678,-16.749452915030076,0.866968637426101,7.569797183276099,-11.721548134877558,357.08440338080356,373.39149521944296,14.098270761123445,0.3538371993563759
15.529636272084328,19.694241098504026,1.2116892955895373,-16.905209191700628,0.9810879609222967,7.877264663562312,-11.272938762366557,382.07978471404056,389.7382507295577,14.748172057440668,0.378616130093609
15.121494513288287,19.296669451575887,1.1222052176898185,-16.499476953716428,1.092165011192446,7.759105755802776,-12.234103424574595,361.26422898464176,376.0792937531504,14.682520194980484,0.3765672060332126
14.621734813699486,19.538383376944548,1.216544011610723,-18.35161614649962,0.9872450879622465,8.151095139663099,-9.3670740632968,378.21541435252504,389.4606278458042,15.371776381574925,0.3611378577970938
15.275358584116432,19.324157697191833,1.241676448080446,-16.661062340234547,1.1511154930247347,8.11460394504297,-11.205864069981331,384.56528250487736,394.5234571694699,15.175721469537427,0.36747710280289747
15.63664685910379,19.512063373511335,1.1003132178714272,-17.327037841563712,0.8548824309948441,7.706838886176367,-10.935293668856856,376.7611506000458,382.6787595942798,14.640404395222884,0.36485710944341143
15.309739578165344,20.52682089830392,1.2187028284923787,-17.91531644842823,0.9987911052153945,7.769832457686661,-10.133186751311996,368.5012237724162,375.9549566630856,14.635319553262187,0.3541044249357219
14.544189010213795,19.525300555584028,1.2613834496236647,-16.74439870023751,0.8747606555586881,7.785210486878321,-11.152536804537455,361.16061427638806,370.7130506658551,14.479702198191376,0.3615201814783675
14.854729778140124,21.316191032418697,1.1395179490654397,-16.31317072741852,1.0363631882624968,7.709668104768075,-11.758189338541976,355.1214869435302,374.67631964448856,14.594442403921903,0.35639294624972406
15.380073344755987,20.246658950440445,1.283628619341885,-17.068724257313846,1.08868873900973,7.839004996805625,-11.443990705845543,372.89086145968093,381.25087886753363,14.535070635123907,0.3662687793703371
14.787699160314366,20.092418061847436,1.2209509504683023,-16.52356272639853,0.9579238206318946,7.648343586222482,-11.853911542784818,364.7012395734569,373.5239773257261,14.686243126729941,0.3620074270993285
15.133145828443869,19.570821109909392,1.1647494072120794,-16.193860871005676,0.7395786143372866,7.573876933012494,-11.741267988753915,363.4269815014174,369.35738807882103,14.254360105581625,0.3519840947148866
15.2323902160288,20.350154939704495,1.1972115461171147,-16.342542773207978,1.0198948146796494,7.924542244780054,-11.290609457744482,375.81853280251073,381.50839203647405,15.077672107463469,0.38972454057308237
14.721920858526575,19.712181086881113,1.227916345626086,-16.180017735314305,1.0436738551733509,7.925905916844362,-11.78499419653529,370.4341432150251,381.69263345725943,14.579243327493083,0.38353778368826363
14.98214239318146,20.06100490732268,1.2038002695706205,-16.628936254464055,1.0404294754961698,7.639136848068001,-11.596978675585289,359.2152259244201,369.10639057010957,14.588901776847539,0.3624920907251165
14.027619797979279,21.2800422691344,1.2269377996223185,-16.962283180549203,1.1235782191822155,7.97907108615252,-11.030336619503872,360.0354473648632,372.43179741130007,14.908519510387537,0.37139991162008945
14.692683707599713,19.951970050137675,1.1539663203460315,-17.800982905948583,0.8928946320350951,7.673684454166933,-10.09082178823979,362.04492406407303,365.66853440303794,14.525903837171523,0.37319965711828856
14.924229554582052,20.574636663142837,1.2084680412018038,-17.123031244064975,1.0680216105450449,7.850633047607596,-10.785293737199177,368.6450328107098,377.37298119469693,14.561909777967848,0.3814418013268996
14.625665045410544,19.648411787437055,1.129314275154751,-17.421623297658098,1.1192507512477974,7.964068802522491,-9.954553720226148,369.0512347059466,378.95971042801335,14.92114585078546,0.36370963367100306
15.48972339117949,19.982505754751518,1.1944386969325649,-15.914528641251094,0.8221412415993483,7.793277487059258,-12.55057946386655,372.8239859592429,384.9028836492745,14.551249671877907,0.37917746874631475
14.57095758661181,20.885400317817755,1.1548046179267604,-17.087942906216167,1.0319651825918976,7.890948182428227,-10.99218786920609,370.0837267495695,365.48833166520257,14.700061139945467,0.3630697981482141
14.867986653990904,19.686516471106117,1.1632235028705116,-16.938397596607757,0.9495820168992328,7.696714071222486,-11.184434007784906,363.8844403128643,365.93913160783563,14.724551057822975,0.35676416318509396
15.039222173185827,20.906224278998465,1.2618046587605218,-16.724257311979766,0.9918477326898354,7.76070668331438,-11.254559798634203,364.6198922491019,379.97183036813607,14.808244845022884,0.37534739436204645
15.432381986719834,20.35387596772774,1.2545655060297134,-16.978198776813773,1.0347676483538337,7.758828113823932,-11.404065303154612,373.2707847759702,381.49224174309063,14.727755156587952,0.3825475087893072
14.569241354646168,19.718766612052868,1.2304569060453587,-16.152474479784622,0.9512771435886448,7.650684330691952,-12.16878516532903,354.6679387704548,362.6197771767081,14.194913451782593,0.39595432794708757
15.348949125646488,20.31620386952776,1.145384361766371,-17.311324680867227,0.9324291920838388,7.764645167376844,-10.745584537472942,368.72408487477287,374.6873021559698,14.845875118629403,0.35669463153088077
15.003069918305876,20.486277224813364,1.18417957751526,-16.90269627238138,1.0034152417488025,7.4902763402272505,-11.266941738936438,351.019219999902,360.4611392420272,14.239904741541656,0.3760507948186692
14.705547404685614,20.3109049811086,1.2606548849989592,-17.371235292849025,0.8912754061137197,7.701769250571579,-11.086572208558184,355.73598087240697,360.87437956305286,14.029700237148408,0.36419293166098465
15.13863104227898,19.214887640054773,1.2070858456819953,-17.660011255610353,0.8914174871114815,7.7430249013260655,-10.24322461117495,369.57024120959676,376.21711608122337,14.798789525708198,0.37831798669624556
15.059717908672042,19.636431412087564,1.3159664769990846,-17.305884545452642,1.0679373282956504,7.748764049500924,-10.589392454193355,359.33415322912856,374.13811086084405,14.630243089211856,0.35670161494646885
14.819934936852361,19.876240682224246,1.2196658919697185,-17.018518398524208,0.8851205964841344,7.751700510825844,-11.0845819327327,361.143661229782,368.41215164844607,14.832028003205853,0.35647102684340726
15.020940625497005,19.962783285449976,1.2096024558245015,-17.21465111225863,1.0666312500909212,7.787647160027974,-10.956844413448934,359.9673995946399,376.3370560511087,14.466604761372801,0.36298199769834444
14.884405920941472,20.31033604877534,1.1845441767898748,-17.34621048993693,1.046259129285395,7.8958883036172125,-10.570262398844479,369.6959313432414,380.06095500984975,14.185372876974911,0.37063155965198413
15.034055203575374,20.088850500466627,1.206677045239114,-17.703158731835916,0.8274193271209404,7.974903414826504,-10.655930399706593,378.3436645827091,392.53474733391187,15.024982934623868,0.3616856796048926
15.198639202356315,19.33232782064495,1.1923765081809727,-17.041552786314348,0.9322435347664345,7.6700469546303465,-11.271703794963043,363.9087896259229,368.54511713812525,14.603111007753178,0.37724832314550866
15.475805044843606,20.19009892550298,1.2354054338344296,-17.7523601870155,1.1194109403047372,7.559359828922171,-11.454136357365773,357.2225264189072,379.5176458743372,14.096066426830689,0.3810828577346206
14.628655350351945,20.30529287264191,1.2478351158397292,-16.6199720181552,0.9018834468860318,7.5915911175513795,-11.286072310310773,351.3956783288779,367.3855566662698,14.117417837224137,0.3744040241360301
15.63991001239688,20.27989522396552,1.1607005269746025,-16.958780123532748,0.9535595737690612,7.702559415761014,-11.931047781605717,372.7569007928523,379.09143732756485,15.232864674864876,0.3851636816863683
14.41437366014325,20.540390362777313,1.133438352322111,-17.728775749732467,1.0462060893251897,7.729615736436698,-9.93004000310656,354.86861508562515,365.46345412149435,14.416176213852937,0.37353954646225074
14.954464471489326,20.41696107727445,1.1081897313448352,-17.154604538524932,1.0783390509282595,7.646000786760508,-11.223164883407179,359.61154695198337,367.50527200360386,14.60608586971387,0.3577805012513321
15.176495161945374,20.22959003961422,1.2253995663456272,-17.37607820279529,0.9748461113955504,7.540776667150021,-11.134812623455494,355.4294424455411,370.351660141206,14.21633206764043,0.38292304617011047
15.08429756032051,19.964917144270675,1.1448316696913063,-16.84041274479041,0.9402489805308358,7.708775834505162,-11.585976726277597,365.7266988441491,380.0227029825832,14.161962684051213,0.36342109316070703
14.813190144053822,19.169519533242003,1.092355470352376,-16.329774776988426,1.1422369861698507,7.8362853240227945,-11.763203022128433,368.75666408653143,376.8775400528891,14.683014365485775,0.3821875157920703
14.937563324892817,20.214809109566293,1.2194289302265482,-17.937586234822874,1.173889966379758,7.919005893167113,-9.776349265782075,371.5328708122422,382.6299506481771,14.812900592672012,0.3870466236102161
14.85209971960235,20.103843843581554,1.3246499758716395,-16.94248696042629,1.0978858050781795,7.688515389378336,-11.998070803822191,357.85947478252854,369.44063055295857,14.4232173802543,0.3753380504709227
14.823190572916737,20.135789418597685,1.1996964544230053,-17.08006639778332,1.0085318142565025,7.717400435571313,-10.713894323895762,362.1967150210899,364.9048772768285,14.517810600839038,0.35485215117372315
15.254880629106307,19.361625712089847,1.2419245387225821,-16.66432996177477,0.9191734278359074,7.614660338230538,-11.578007575473027,362.49812680801,372.88236307076664,14.525820287496195,0.3612863611890815
15.107104645789514,19.45947172979587,1.2040914679273782,-16.893401685881155,0.9169555593443435,7.793712165925045,-11.653078904536576,369.7804108892574,382.92060736293746,14.68196578779471,0.3834780568027031
14.792127121421803,20.526576426666452,1.195055517340443,-17.37598466586941,1.0522514105265757,7.6303142731618365,-11.210760859697979,355.4100088643692,360.88791930173517,14.151095600437642,0.3677781343955048
15.269879962629975,19.980222423071673,1.2459538241493884,-17.159526967833308,1.0418398220888683,7.91462556264824,-10.502406919730307,375.0418499933454,381.3987170522504,15.023151294810743,0.37125368872416703
15.092189856262983,20.340750348686313,1.1854862727905673,-17.398012928401744,1.140159859294643,7.4428267016131775,-11.383313919787838,350.827168375697,364.8609822468208,13.792803672607878,0.3783083420572099
15.243858635651687,20.014159188065232,1.2133696157035951,-16.4619964307007,1.065045009253614,7.7280740655095075,-12.11720951814363,363.13993867627215,373.73403922601665,14.230811333937758,0.3775853603372089
15.188888652577084,20.014878069747873,1.2160848903098007,-16.98934417566403,0.8496919698240182,7.860221467838349,-10.835908398792736,371.8228923729954,378.8496189313409,14.975946031213253,0.37125516168259903
14.751301496723379,20.469141902988,1.1665954773178475,-16.049404657123496,1.105194761772292,7.8367669032645,-11.808614619914998,360.5168153609081,372.44518068273544,14.806814708668497,0.36802698009954227
14.831945687940909,19.741977635891313,1.2496021174768261,-17.03033040690731,0.9001939372685587,8.3386067327961,-10.927045900914989,388.2767126154488,390.8444382527488,15.462820163767523,0.3663912996435794
15.224188081536978,20.048060388470493,1.1912520121652295,-17.354203383455232,0.9616028728047649,7.869960004913581,-10.78667236278303,370.4231772465289,378.8370261328595,14.570687922726755,0.37809889620402015
15.18311107963004,19.768862355647478,1.1622127420253576,-17.756857196306413,1.0250200206251694,7.599189080631597,-10.994103918145797,360.54344421616685,374.22726650577897,14.293823648738588,0.37624817080563466
14.993729521810755,19.782751886283844,1.2268254921785202,-17.901569838127973,1.1995667489783965,7.780907150582185,-10.029333778402219,360.8804387385204,370.84735785061804,14.617557280698128,0.36985716371103844
15.035198214992635,19.84541393826568,1.155076600910448,-17.792067971502746,1.3109918556005362,7.4447507333067096,-10.408071326629837,348.5712845818092,356.9378811968707,13.85498694924377,0.3842402138094054
15.383299468736528,20.111066885816857,1.2014090578684564,-16.86643667449426,1.0606723059136183,7.783880050140648,-11.246155542180663,370.56001618732455,379.31263616330386,14.60467423735363,0.3690942481362047
14.822528583349252,19.76062568916826,1.1995440501677899,-16.745637488385032,0.9816803381279612,7.633388788599848,-11.35375529718805,352.045498481723,370.5336641564251,14.545054967204958,0.3617789302595992
15.16412921435101,20.62787806278676,1.2542947782915788,-17.790595351016066,1.053450564848055,7.983078055112032,-9.822869749230067,379.32132455419026,386.03244729463853,15.292903998396095,0.36168904253387363
14.939342204269831,19.552696348890247,1.2237349116439975,-16.55248084296194,1.0887655425873837,7.690091945080892,-11.62778829820883,362.7855616205964,369.865473354232,14.439119407943593,0.3619948543649957
14.934695639031833,19.90656417791932,1.1987486520627428,-17.24153052584172,0.9679332374442808,7.776646816840951,-11.293781670384114,363.1444682238607,374.9784482767481,14.803207023931014,0.3671421038525673
15.329633055596156,19.78013447086291,1.2408883149600143,-16.926603494007225,1.1795211355912323,7.6728884317191195,-11.286443753942196,364.14300491879766,370.0718148362066,14.192447244580416,0.3845721851975485
15.247624904696409,20.723488942176868,1.2695103774508656,-16.19388968587229,1.0230070759191403,8.147770270370666,-11.054664620325925,384.21537914155044,396.81468015199334,15.403070634718004,0.3607321410645326
15.24405289080019,20.098277388255788,1.227890515317593,-16.551580342067233,1.0497743089091394,7.735751446776417,-11.989128885020131,367.00058252512054,379.62228372591676,14.491648065379167,0.3721859459227609
15.391643642146299,20.515922269734318,1.200517630992169,-17.134265323952917,1.0665924252054462,8.16651140869584,-10.970497701676491,384.983067871887,395.5713332546472,15.389564964814612,0.36306718625631174
15.006301152489828,19.257219813481512,1.134408188382492,-17.445596112707644,1.0421586610614455,7.962830352423653,-10.505586671805663,369.2839162207908,386.7101488952916,14.895955275485505,0.369304056570937
15.20458589138849,20.13352513293463,1.1467443168462312,-18.07590770066465,1.0838940500469612,7.896413345467077,-10.191563105396554,372.1081995445303,378.6161178159614,15.14961999843508,0.3554714781147479
14.906919973021964,20.44481539781172,1.1847387647822665,-17.35957665962121,0.9382746813453077,7.873746629463504,-11.043353773111297,370.42539057222314,382.5830606490716,14.617116809131666,0.3662877337262643
15.097249905746533,20.041141994637712,1.1695243898920358,-17.105565119413846,0.9441698246053969,7.87875945964325,-10.693866476236456,372.03596428778764,381.62004492501023,14.96311043012655,0.3674223604587289
14.960957083689694,20.532740187532674,1.1906514348507276,-17.493589763575592,0.8899845767028305,7.4144654841308775,-10.29932920051529,347.5525199251706,360.0291034130589,14.057988150274946,0.3732372448323199
15.029098789497816,19.741355774949813,1.2028324962448553,-17.065628483546153,1.0439501230620227,7.744223321169849,-11.092174821543088,363.4092209861029,374.9121343913302,14.590493644052405,0.3731895988132743
15.178547107631074,20.70467372009279,1.2264846377178364,-16.961574058520615,1.0778936503512113,7.969031594236864,-11.3840947390443,377.2984384438829,385.8246860278284,14.95248603424967,0.3573856678138061
14.754533795029959,21.149449061809626,1.1964750610970454,-17.112427990904038,1.0457772866151887,7.790220563305179,-11.45548628296425,363.29567642559266,377.48978006225377,14.467102983064938,0.3790008571829681
15.627716182705639,19.818580719780172,1.22432508219131,-17.32500129041173,1.1674492433347536,7.518962030639285,-11.191681398165018,360.1727286888297,371.2406019337192,14.40116648931872,0.37414036139600715
14.69819478555009,19.777248739299615,1.2032237207405059,-16.915672664016636,0.9994403981170954,7.789519109884506,-10.82035943689238,361.4062097432497,368.74015450072875,14.611387977512415,0.3724238416743466
14.635743416163681,20.72669223855885,1.1012266716823065,-16.779029675215295,1.0668741655592513,8.140821103251097,-10.833397581449805,381.95986696013915,388.1735967720496,15.186628387790728,0.3691235336446234
15.34743326205002,20.789786072865358,1.1530332303090622,-17.545199538721423,0.8908299123860686,8.049378343106945,-10.574646960517425,381.6557055805821,389.03485430868506,15.160455196208995,0.3621511525059078
15.237498808188882,19.738569986423364,1.192795622213919,-16.294533810126865,0.96129002975256,7.787599198126793,-12.050615645346026,371.83341995523364,383.3237325865336,14.888497468750415,0.3723137837221661
15.187235945115647,19.78990659145207,1.1395152628579446,-17.04929406614213,1.0695537757565778,7.990289855411617,-11.347218615147511,381.2833939044003,393.3342351453676,15.207583695350028,0.37587160893394744
15.188503652779284,19.859107695569747,1.2299964364998102,-16.990575188527576,1.0849102110743143,7.72669859592639,-11.029514468646962,366.53672852235593,375.31502415664835,14.417623960079881,0.3536619298061481
14.996325968145925,19.327774744482863,1.276537541617185,-16.64589278837172,0.9706033052335817,7.459225682634656,-11.461460405269728,351.70943271148224,366.9827586226188,14.361858217699323,0.36566287518990914
14.730823688554251,19.5406740267579,1.2609380925848659,-16.883391934368248,0.9928400748141933,7.615106802374089,-11.788420721063865,354.26194683514154,361.4097199725436,14.131557655850012,0.36829758299059023
15.022741367458117,19.497929616623967,1.1893278564534895,-16.523431683043377,0.8482126253319191,8.11257775370164,-10.868086311551453,388.0997234122216,392.40947108040774,15.29098608167163,0.37204797307701404
14.796851486546366,19.616101217447937,1.2745363068424975,-16.856437917399088,0.9642970799193391,7.745201383634139,-11.09663273038412,358.7932702831259,372.91711987950305,14.701120129701057,0.3823438784235688
15.292535920025326,19.98265755630661,1.2074333728601054,-17.306218687320218,1.0890383163519786,7.751323204124996,-10.58813499313533,364.51351775830506,381.1471874489181,14.303228611860058,0.3632076599049388
14.955882785549358,20.11710736626826,1.183145701444098,-16.81924823739695,1.0575205016106566,7.740032360745023,-11.756674699284078,362.13941544209786,370.991371470102,14.61982094753329,0.3653613718153917
14.752350840962247,20.775250246407037,1.169329866822953,-17.57186310366033,1.050066572138121,8.180827317914602,-10.674478925342116,385.7679795986246,381.3104069005932,15.12801192239229,0.36382482412210165
14.903584247504101,19.500822979630605,1.1848765156755936,-16.94572014711174,1.004977368718096,8.125191783072413,-10.96368085919548,382.9638778825229,390.09263787623286,15.016751472522365,0.3630328518268744
15.123879436282687,20.492161199238293,1.1805911590729385,-17.01661499532223,1.0007063158628176,8.243756046689626,-10.673399319159655,387.45036249391455,387.9480926002354,15.660580423430778,0.36555087580902895
14.830882634158808,19.893005577887244,1.2085208111187744,-17.10405842863627,0.9339678860526552,7.768190957919989,-10.499464419661415,364.0645224790907,371.72398092913687,14.48772713558426,0.37726168990463177
14.75333388133007,19.975268145173782,1.208028699052493,-17.064268755719464,1.0698828420202535,7.859124897749419,-10.76804240218572,364.44632698864257,379.1435756741129,14.578078737066535,0.3602099371762115
15.073106163447573,20.337409746083303,1.2001523010076707,-17.94092452274882,1.042097294438939,7.496671490115841,-10.63789999006816,351.7166978602332,366.9656103800563,14.274767455864295,0.3740242974037518
15.073489971332616,19.438638989218852,1.2218469084873174,-17.27436245387048,1.04920188479928,8.095386885223654,-11.006267104143564,384.6863865240259,397.50871747067487,15.294896271361688,0.3545957185693717
14.84791704738866,20.191204873092026,1.259532313739317,-16.953577549429443,0.947396515733242,7.566444089746413,-10.96460133975143,351.6020559346501,370.0231412392176,14.290919826895326,0.3634781754467263
14.858688508314502,20.08322610410653,1.2474777067720662,-16.9200718040013,0.7846657080128756,7.843355112752525,-11.443042585381336,375.9152773210076,374.0401042874447,14.970044479925539,0.3643853118697359
15.069614981207291,20.246225632004073,1.1257551015775047,-17.51383757046298,1.1097152711753695,7.580539494473431,-10.396661163150235,359.0680768592253,368.8209666183139,14.490927370344423,0.38735329817688624
14.565574697550803,20.14458432195391,1.0723039432549022,-16.36714607956765,0.9521162543991596,7.6822266346522605,-11.773726029228278,360.82755576491513,364.41408436452497,14.000812627542265,0.36648397085255696
14.577760867687033,21.22765006995545,1.2467159955619636,-17.43308742410725,0.9137224235956879,7.63254751379006,-10.293585879311088,354.60582017302175,357.95088780207374,14.258480051521095,0.3446694893615368
14.784466733624269,19.68113000787434,1.131656065079229,-16.515271399736633,1.0693478911913994,7.678424947864836,-11.42000588930687,357.79818931836223,364.4541780590432,14.362162348651768,0.3513423298275528
14.935965854486446,19.73450152249909,1.1887617299053659,-16.786402819064158,0.9607987360080871,7.692175459370204,-11.455647701134069,358.02884366335354,369.23044627296315,14.621328550638479,0.37047928017854953
15.093272269679401,19.68842973678762,1.141494348697032,-17.3231136549219,1.1059936384046622,7.690346241014985,-11.135927037687283,360.3796513589624,365.2397200900768,14.029210404183535,0.3778207854683705
15.442606865084866,19.722261440419874,1.109900978120999,-16.112344553695245,1.0617005949576697,7.966666782356061,-12.060555343348788,381.2700768628692,389.37773372698626,15.54832348829461,0.3749270416450095
15.257297886960606,19.68130643634674,1.2270731364102394,-17.59681841587824,1.0683569323200477,7.579027441387495,-10.73947493621996,363.2753807159848,371.28390841034053,14.526205958452206,0.3729966575085169
14.952018441010972,20.594508265553777,1.2379577580151322,-16.540422913195,0.8634044288799465,7.844108285402773,-11.499576221906256,367.74178878789843,371.3174500568504,14.786341477089893,0.3790676237327486
14.994295137629193,20.710252123994927,1.171174479963664,-16.49970884097851,1.1211943985386401,8.04359183046111,-11.591725530075674,376.11521646769705,387.6490982029083,15.300560316501334,0.36439552753002524
14.699241190608657,19.71462685312526,1.0704478853927544,-17.335310104538323,1.0261250531233856,7.697360727097321,-10.895214578040386,358.2932073189361,370.0390973286862,14.954620139330238,0.3797811023852516
14.994446059202284,19.583822213447885,1.1726877775873759,-16.303767349967835,0.9630722860753796,7.656416221850479,-11.87033462576313,357.16202889936477,371.7581044297308,14.657662873533857,0.3541429295835939
14.91340240832396,20.235707778193202,1.2195902002701273,-17.125023257299475,1.0143388467342251,7.75389507496395,-11.693975577574593,365.8884604247999,372.46870711006005,14.80328571340504,0.3606224945815752
15.096815568101427,19.723888477859514,1.1260544215612935,-16.855653185360072,0.822376476710168,8.035945041672141,-10.992685733531,380.383406809662,389.2674692829568,15.099418681021373,0.35070557386206447
14.751830716934304,20.316465908877756,1.2091679959889576,-16.86983908061439,1.0408652811480672,7.838821526190672,-11.464254263968868,365.1641870908703,377.28949346250863,14.680293281999479,0.3670272679870273
15.155803954272352,20.10146151042565,1.1992345075413502,-17.067154370735274,0.8970628491817928,7.69375714107848,-11.572607026286876,364.639553435494,376.145297018035,14.476637413671213,0.36830509329830324
15.459821673900773,19.242127942501384,1.2289645749800544,-16.59459586342011,0.8647329714156465,7.896775330237608,-12.091060498412883,377.2560318471634,384.3282442472362,14.771904931793657,0.37130408875141896
14.967371955462943,20.77375260066503,1.2059790184207075,-16.603255639723894,0.8477640813782109,7.579541570032715,-12.212976739655044,359.2192185240025,368.8884405709895,14.225383926201761,0.36754896914132346
15.120513516629682,20.897938836547763,1.1513465529559221,-17.87426598661909,1.1112688374989925,7.936271902088589,-10.70672833277137,373.08353601300973,388.2614270360966,14.658399363590224,0.36004127739377717
15.207043197513334,19.693605654757807,1.2598285750832245,-16.347829878560923,0.9370736606307212,7.881721461540353,-11.955695695973027,373.6774394057806,381.1015933221834,14.848816541676193,0.3680811168526595
14.87963385843425,19.806149220032008,1.1920735213486515,-17.831245994017838,1.15337277099165,7.738438305772223,-9.835619651044109,358.71991210802383,380.8314219344399,14.246650714899907,0.356946962583795
15.067227744543125,20.142932695362454,1.1986347730245033,-16.48372689782917,0.9464198536947702,7.632282840310554,-11.929990950360299,362.3242332049416,369.1243240026487,14.500053114203197,0.3828106228975453
15.003777720234538,20.16722839499351,1.1533366020463403,-16.43664743158621,0.8292642042407053,7.622663815543309,-11.7495754135227,366.88223231906056,369.67549578523244,14.427485145753403,0.36492192452344
15.02930282956465,20.329272136336414,1.1778358874404244,-17.5454832151076,0.888347556005134,7.906963467269182,-10.471707975684183,375.0062961314046,378.4724653407915,14.895692826494038,0.3633360700969416
14.76809706484336,21.005102269383176,1.1557598642986548,-17.205407143977293,1.123581162000694,8.045796100497812,-10.6695013894694,377.5563066652006,383.4977054576852,14.917887249711393,0.3851150103656814
15.007353052277683,19.911526386252977,1.1913526970038288,-17.552852334242967,0.9844101822063333,7.6725384505942404,-10.784479539290079,357.75495694631803,364.8418462792725,15.125650360382998,0.3575985837140651
15.149399487373636,19.600851377730773,1.2855854240071172,-17.107460515144368,0.94517127035094,7.891677340710297,-11.392764949167915,374.9242228607419,381.03793663209547,15.139419088576236,0.35899413880772824
15.435343082338512,19.310340385992735,1.131404942853432,-17.154017142092872,1.0160018225852787,7.382594596279586,-11.03157408368338,350.20009361141945,362.4696584090522,13.912052010870136,0.36057713420518167
15.287781247825562,19.63453498002904,1.119321930106163,-16.61016973386533,1.0501782736167544,7.68307645386856,-11.143539430978029,360.35891747502825,376.3868070397756,14.628744547853334,0.37055399895911467
15.645954737253467,19.983436513563102,1.2735585163746803,-16.344845626940195,1.1117398815902462,7.793788213425819,-12.451066229379908,371.0866485480165,390.7134154811731,14.698272039001957,0.37546684208515224
14.769795731133586,20.897278931758894,1.1895338161424067,-16.302158094605023,1.1448499229892926,7.618063316603633,-12.164460576672372,357.7451640193502,368.73445298405613,14.178158175790685,0.37705069604755354
15.261696191016203,19.741194350481916,1.166546363067004,-17.281084013289153,0.9640231354210914,7.612698725042081,-11.211817254144858,365.38960038165897,363.6541310219868,14.203372911541575,0.3958777958281968
15.055002601721506,20.11189397581945,1.2519952343698038,-17.104610936872263,0.8673952313917962,7.666444088706222,-11.472994027541542,364.7012118117201,380.945191925639,14.597109991555486,0.3459558398202715
15.656940879965301,19.991788551963623,1.1697192230131568,-17.841719096110474,0.9586534838876724,7.858438545665274,-10.399992592653515,374.170555749592,389.7806276860626,14.782769947477057,0.37569031362619365
14.757510514393454,20.594196636724043,1.2913004856773467,-17.402935033248095,1.0260280506582886,7.762534196318725,-10.970246427665854,361.88167490573613,369.22940791189257,14.78886860216182,0.36350058150741255
14.748083447345767,21.263466212936812,1.2338962935669635,-16.51757418345127,0.903624107378939,7.352353753335006,-11.206236163046638,346.49905692670836,356.86369802013434,14.176903762377751,0.360645157159028
14.820182206366793,19.73456561353984,1.1756044295927148,-16.192208588225885,0.9042849085104957,7.3758599694729865,-11.795736839739961,348.01445240530205,358.4206035454395,14.302609272525128,0.3633759965754865
14.362831282707058,19.755280278740887,1.3078654106632752,-17.617174435939962,1.0343787881549886,7.678626964428565,-10.441554580334014,348.19084899626597,360.64127780522944,14.220029349969437,0.3617455306159884
14.842273493495771,20.522080438534537,1.169714253849833,-17.296232129576445,0.9951347648429549,7.891537317210711,-10.464159190987552,367.338390592033,378.4743861749265,14.900833796653622,0.385752435117395
14.772260201533891,20.340945744813155,1.2371047686004653,-17.013202878479465,1.0032796995411586,7.250499031454953,-11.159538532264994,339.7349022482308,350.4751925341539,13.956691430817667,0.37777387877592433
15.045118135942863,20.923353662868017,1.2149646290203246,-16.859919420590195,0.9241504665299931,7.7000539647696735,-11.544250655650895,366.16052654301154,372.0061187514583,14.46426893932229,0.36762675712513765
15.102526792733148,20.291964092662983,1.26508706446994,-17.404801759960822,0.9769599285794233,7.694750428696516,-11.150842419221533,357.6150916005822,371.9364422635494,14.408276610112827,0.3826958286253383
15.562851251764766,19.82035395460647,1.2780755598363427,-16.787969477767955,0.9075766855731695,8.077667555641689,-11.273804269674056,388.4003322295392,391.05847094486955,15.550975716970681,0.35430976929353003
15.285127151455814,20.295327415346154,1.2016002074532883,-17.236919673535457,1.0890198411124787,7.722995637657427,-10.831586520941666,366.4493593682464,378.58470886051424,14.687018061923716,0.3569924922671232
14.82692890330128,20.554351790291452,1.1623291064826908,-17.00722613543914,1.1035249334723753,7.876597796948186,-10.997817386754681,370.04148736774545,379.14574628466863,14.907476026224883,0.34814686843219406
14.730475598595493,20.41024109059868,1.2229986071469559,-16.72685787599815,0.8153812137761907,7.828251428017492,-11.773993514824715,370.45812298998914,376.00445827105835,14.524057059379752,0.36033918455533165
15.147575751451951,20.25363701555365,1.1661142315123947,-16.99678886509453,0.9070489139807589,7.37388670403856,-11.769299823835928,353.0355046361284,365.757763944411,13.846488313043789,0.3701802003757478
14.603930037893807,20.533337344794578,1.300669362376331,-17.218192945263283,0.8503470744909921,7.953641443326347,-10.74397660925958,369.87336944425033,378.9126968299733,14.737358217669861,0.36846538183464417
15.549437629756307,20.584647795222835,1.2068267665541368,-17.054804901962914,0.9349976065593102,7.843079301091257,-11.26251191229771,371.3859598169345,384.5500088939254,14.849702200110148,0.36967409958574626
15.353832036216387,20.691079495518764,1.1817339224343946,-17.044181479602667,0.9916562030209639,7.901653727934918,-10.552817044376184,375.5003780266614,389.2103364709152,14.710402997782186,0.3544238347285113
14.859247304368589,20.32435494379482,1.2092340152932455,-17.185005514941064,0.855035478030147,8.585247541287265,-10.721741843324367,409.60975699313366,401.39869989145467,15.847751811074538,0.3759331923188521
14.486059641272737,19.916440959841573,1.1326436855235151,-17.12939803133355,0.9078140186874687,7.383177412100282,-11.05211745670347,347.9297950931776,349.02763031959876,13.63427700879127,0.37164153344958156
15.406161712249624,20.07335684321666,1.1514192980744673,-16.20067641474764,0.8996042627918501,8.144939329952221,-11.277503973473396,392.5316339778187,392.2970715041534,15.07463185288428,0.3761798717561452
14.965638046424214,20.60325448325418,1.2600206953972213,-16.71954027602938,1.0207267329398944,7.7425104961199285,-10.763346802747618,365.4041843789791,378.7511324524164,14.74107560312011,0.3500731365869901
15.371344893592038,19.591532164506383,1.1671552860514303,-17.14774015901458,1.006934433703625,7.857465780880601,-11.212768127034197,375.71034665583676,388.0279909931263,14.981225754094888,0.37400118859600145
14.52167170236169,20.18433665443645,1.147654450865903,-16.651522797744633,0.9278262446662746,7.790897550939752,-11.187797924460325,360.7685644657809,370.70074371363006,14.512305313804593,0.3570319367386146
14.820187493113869,19.80333059383632,1.2268326376263643,-17.166909744878005,1.0176820872139398,7.715152733320391,-10.848730285461306,360.7575828238798,375.21414720471887,14.33321373678797,0.36659692715895315
15.001573109915455,20.01437241146741,1.2592852077331498,-16.41343768120668,0.9453319915412735,7.686033414352248,-11.715978018095672,368.07143496296317,369.26852129729724,14.323884033206259,0.3747682240788418
15.014094178129422,20.63922593130365,1.2359476655332533,-16.815178903900954,0.9728344889673947,7.865901747114601,-11.306600285536733,368.3661696714481,381.1744002138026,14.727017807109522,0.3693608290896258
14.864980358556227,20.09554953400995,1.2498023842902908,-17.053651072002115,1.1673452090298537,7.496565260665664,-11.170490990543989,354.30939466161425,362.9686535076812,14.3467476610388,0.3629669532244854
15.18685497970425,20.023218274078076,1.162160245571527,-16.776141537094862,1.1340461051790347,7.950115833504353,-12.056985847784974,373.8785090136991,388.4984894910171,15.148193884466245,0.3713567560654784
14.679713871185221,19.32007192951004,1.1289094666629078,-17.78543807603425,0.8700418763072402,7.716761119022949,-10.214978937502734,365.72744114109224,367.6370922910336,14.411778105675074,0.3547449217516159
14.957286154493612,20.37312678301361,1.2750666825977743,-17.563383734454902,1.0829732417879174,7.573986132191928,-10.774023817708297,351.1181879905189,366.43321905113515,14.12173794398966,0.3815861528108349
15.03608868951357,20.32274209057054,1.183866008057893,-17.596962503199528,1.0811396554491592,7.709997428400837,-10.7680998057106,364.30586308376195,375.7860433462794,14.625782608077236,0.36811307217838807
15.154331650217625,21.08162736165273,1.1874583491772477,-16.928528452618146,0.8851736711247382,8.051429843372514,-10.455289102855613,380.84063189614614,392.38312452232117,14.943304100977125,0.3778739814304952
15.213484463426667,19.8461108825235,1.266409707092453,-16.133742500257455,1.081877764375486,7.692932982596755,-12.287096400697205,359.63149914389015,373.6132085155649,14.478445838808225,0.3658612390077475
14.662607372448639,20.10957516383197,1.227811500470033,-15.884349926903685,1.1537931918412552,7.871690723641924,-12.125614331807267,365.19053726500863,374.4260870267562,15.005112778040022,0.36608302170668283
14.539765748779313,20.124691841855377,1.2227943886040804,-16.68097444927962,0.8877455193755586,7.653808744856905,-10.822547314478314,359.9317864690504,360.0970495630758,14.554089352754374,0.3609862036436664
15.383303046569553,20.788726639881737,1.3082501172450542,-16.74957776252777,0.9082497178985737,7.951584369984724,-11.62860461950156,378.12414845353163,379.29253754899537,15.03563202674129,0.37626678321615303
15.099694203593877,19.952352233806526,1.1678240884809927,-17.90052886707637,1.1017661466843502,7.937101547758041,-10.434587816619237,369.1655332997554,384.13379673596876,14.671207362133293,0.3640186454259457
14.775454039033034,20.13951076288517,1.246392006404062,-17.27133689986701,1.027149531082565,8.169721766659283,-10.595322941627535,381.8557324430325,390.8994524233127,15.251952771289664,0.37643842810920713
15.465345592656757,20.30394825485827,1.2028506562448542,-17.393891875954118,1.0551476275239524,7.764887210900157,-10.718206974899415,370.37504690669266,383.3849398711592,14.952931393039092,0.3661190557888301
15.034702390287858,20.09330456157818,1.2134296139431628,-17.31042379912556,1.0340589216400498,7.933730960951581,-10.721484197629275,375.38276462380213,374.78994329675,14.832410186331836,0.350394347094328
15.353789155219149,19.776783192724736,1.2764234213206265,-17.084071909292394,1.0390695920928144,7.819613507907789,-11.560941861695571,374.9472759344929,381.98071551118124,15.070400910902856,0.365133988857614
15.020255544423033,20.097044996449153,1.225391787814481,-17.236045288848565,0.8673527871688917,8.059174356372603,-10.905771906980668,381.90540310096685,378.60930469469145,15.351361701347153,0.3566883557351621
15.618224377464596,20.536815874929886,1.2269148039524815,-17.989649905187893,1.104731770662145,7.656233522478254,-10.746093140997951,372.2679611661851,386.11226790100494,14.940741725638995,0.37031271319358505
15.526602252732962,19.48674235029447,1.25362536686549,-16.626044871941232,1.1169589992427773,7.949001062575456,-11.558375709998408,379.797399956237,386.55036312951034,15.089870669716047,0.36029202793509396
14.925310755456278,20.06648483707344,1.1817523635228557,-17.536371512869902,0.9770609255931972,7.761060540776663,-10.555402731584993,364.1107178163583,378.940446471868,14.744131302217454,0.3788973905889313
15.291471285286306,19.649939592530412,1.1580395166330497,-16.880376567944424,0.9956523050186138,7.7871623645783,-11.237645863054281,365.64786184776216,384.01960821785735,15.02187526159093,0.369745885261595
15.193612784875544,20.59752331446242,1.1477595402989482,-15.962958665125013,0.8468892497444278,7.818350496889674,-12.667894338453921,372.21184958803667,376.30041791591805,14.855727089723414,0.365497885920932
15.410589467259705,19.23840654760811,1.1016821705311999,-17.45969229579321,1.0514254756017836,7.850448079285336,-10.508794725418023,373.0351357735208,379.5149971819612,14.7575431908219,0.3785963630386775
14.71052296182597,19.720539076364204,1.3028103564970162,-18.265143761373164,1.0572057441714144,7.776754191375608,-9.87486156185905,364.98282102741905,373.67657252760625,14.517527312123033,0.3807700486297444
15.205815437999531,20.18860593753226,1.1448395817139159,-17.143002110940056,0.9937808983000689,7.842942636634105,-10.64209565719898,373.4857702582933,377.6480250788049,14.853288033305812,0.36935960959023967
15.317527346054876,20.78276201461717,1.1889373188207113,-16.449520182500713,1.1124353359870502,8.115623611512436,-11.36426321119171,381.17573055916944,394.342713819367,14.978828602090386,0.36184682633514326
14.472378154073066,19.967124869463508,1.186159335005554,-16.020826272889703,0.966592276902006,7.997089937123043,-11.394900540178725,371.54675924188376,374.52725528399935,14.861458753426339,0.35199197686897177
14.645022446200267,19.7224002366534,1.215370334890455,-17.614774797226207,1.05646059258936,7.973830918499379,-10.221146847080622,372.6538925311999,371.2286145063067,15.109060290635172,0.36425930788223504
14.38823034667197,20.940578534720295,1.2407868606269647,-16.75165038838174,0.8980335661307884,7.7088920947952255,-10.864765161137385,362.0534067338543,355.3954213315882,14.002733441294177,0.3609270561253877
14.919177949666633,19.27599304979188,1.2430236744179872,-17.232655228390026,0.9976447849125762,7.622151834354335,-10.904828559246074,361.01957128240656,369.8815920991997,14.723959761823732,0.372495036279465
15.215262676738789,18.900597021689958,1.170846128071553,-17.052974177152066,0.9825645742097164,7.991060111647551,-11.05342453211942,381.69834859454784,384.9920824602432,15.254117546559717,0.36857298288733703
15.45070711562881,20.220007225026666,1.1916439143106794,-15.677828326491483,1.0225307922040943,7.975209358505959,-11.663238009112193,381.0626744243328,388.0913095612636,14.961002537718604,0.37666462319250194
15.022228434125932,19.748972887823694,1.214128997524415,-17.751485164197575,0.9630473071166641,8.094534135150196,-9.987546602520407,383.55041621436675,391.6336210112388,15.254925055124842,0.36400269458281237
15.488584663671388,19.489383591434642,1.1875654436908225,-16.873130169252715,0.9868527404328332,7.679203874806154,-11.340126312930757,371.7192560121962,383.94849298822174,14.617152290324773,0.37031934855292964
14.585969562535533,20.354178223649676,1.2803672788009997,-16.766153414117284,1.0826047171441506,7.75409026892793,-11.662848326082463,355.17197949687363,368.25709252970086,14.794327389586739,0.38195756515611107
14.488985268193453,20.1219003568856,1.2245487475819126,-16.457106837530326,0.9563235762761783,7.472103167494913,-12.130175424635429,345.9716288295904,355.34958854013644,14.302488433435046,0.3727376871885403
14.983335690331014,19.717960684631635,1.236743889302491,-16.951008423264554,0.839342289926132,7.721505778787825,-11.17019590692596,363.7571421643728,375.69868733147507,14.298911661611337,0.36835712611311244
15.115219634681791,19.359847800664554,1.2331440634333706,-16.84597473024795,1.174958390420542,7.999314102115889,-11.130080968635403,376.86279742898216,381.1382700096709,15.139467562803027,0.3670104438835246
14.990191575571773,20.43622866414007,1.2586736928742661,-17.195824283710895,1.1381454078690487,7.70670092415436,-11.235390430116137,364.6805017188629,374.29797323146573,14.516964130617245,0.3641766827832606
14.379767369988038,20.325100588979332,1.2090510779351853,-16.865436529377448,0.8707737304894381,7.9280959590401645,-10.950007247885642,366.2687962295986,374.71322689996316,14.784663926661475,0.3595514035974163
14.973263988146163,19.95041206811031,1.1351584026022077,-17.171596137748704,1.0689707805245194,7.761899378800438,-10.548600495725804,357.21493894734573,377.0188527932372,14.491867485635927,0.3653788150111956
14.608659149848544,20.923318498023832,1.219984397587632,-16.689214055071975,0.9497025229448657,7.864811405644312,-11.060921430707051,365.3874850579947,365.78089773430156,15.068576352260346,0.37520704662084414
15.20090176464901,19.464957616836923,1.1674321553104086,-17.184805168021818,1.026348721533106,7.570461722036867,-11.570653896859618,361.6916836033199,367.58728934504614,14.603885299965617,0.36911468926873453
15.109979473829055,19.23723741453763,1.173569165912512,-16.811449803048905,1.0294224129013494,7.81704188992678,-11.380834472104082,370.8097389278882,375.2905521956171,14.599604496861389,0.3583220186061259
14.718036064101794,19.654045965059378,1.2293182009377546,-17.01463140684249,0.9765592199683678,7.201772805819855,-11.750455919995746,338.8491978530669,350.66846325328174,13.479344300168094,0.3881391932001628
14.845839924798993,19.97720699182225,1.2619141535716818,-16.436974874613917,0.9216234334413603,7.7626207683676025,-11.76387050553514,364.2605912708201,375.35159340336037,14.535964611315633,0.3724614722622207
14.682235943433314,20.121669724661345,1.2010635788368031,-17.025696861794245,0.9309458947683741,7.473905351256972,-11.412665247126688,345.9633342896576,365.4770424108471,14.234205744790382,0.3549966854932294
14.981196270818048,19.879381971071837,1.2154416506299481,-17.88651623410344,0.9083808084518757,8.041198903309363,-10.306743955204333,381.67716549566296,384.11381485229725,15.106078777916899,0.36490655486996687
15.286542696150372,20.176027698257148,1.2851107472317618,-16.369039249643006,0.9168177791769555,7.955481470552902,-12.065883824342896,377.0524565209779,385.81294999764924,15.241157310013076,0.3699249862235394
14.704282186099338,19.374230287904776,1.2120376589744284,-17.45286615043131,0.9932821709950644,7.893334196393216,-10.626765288099554,375.0186180762591,380.62103397867685,14.938841676245861,0.38823028206711485
15.151213954655354,20.72188230203663,1.3300841557090197,-17.32688316932441,0.9284240010889249,8.104201245431875,-10.83544773373585,386.6339625439726,393.2903848857726,15.380458464229466,0.3567593508242273
14.840922714488268,19.958924410803714,1.2282754822815771,-17.297830647021748,1.068205206571262,7.610216695835033,-11.867293931149273,354.0722440403273,372.29914601424423,14.44888066677229,0.38052461043766467
14.762138150321297,20.558647915794065,1.1119618620422091,-16.312780953414592,1.1487246155335926,8.149472639583111,-10.810551764507071,377.32234573862695,387.5174399214808,14.89877684339673,0.3843648145934712
14.967890892013633,20.171362673188852,1.2376670810552266,-18.067837106989348,0.9419946758629957,7.986438312852076,-9.713523128799096,376.55552872135246,379.24922586627207,14.934095941451462,0.3627906783615065
14.689427303274188,20.22837660957689,1.2190579192441389,-15.431125733170003,1.0239404500535376,7.752688942556211,-12.626495956605087,360.508072642522,365.02182408403803,14.778936822470888,0.36700751509277935
14.833905208395846,20.284883640116103,1.2644876377041372,-16.471971595466975,1.0499685110302934,8.027124029436589,-11.39801540247838,378.91199671376046,377.50523069123085,14.997162500129123,0.35956682535633305
14.640636632223346,20.22385428000866,1.233659067563498,-16.88838054293542,1.0472002270919274,7.578741297517673,-11.672278822485401,352.850843653633,365.72032849964177,14.396857346445927,0.36798968230009893
15.589417539874917,20.321361379933773,1.1930772008008113,-17.027447000308143,1.0075955267916088,7.6350971676944654,-10.928670660335085,364.64830864030745,383.8770398972184,14.506779596467457,0.3690673327646193
15.010579065591518,20.664576265066216,1.1387850881855317,-16.85722296257117,1.0742682418359721,7.67828205535206,-10.814685678854392,366.55229317965035,379.0564535587562,14.313576526438025,0.376010029869051
14.790082347602224,20.098260584850735,1.1895488371356986,-16.739438785810332,1.0482248952680657,7.694204458387197,-11.364482566204138,359.5078864791626,372.7420028590754,14.474654344292016,0.3811875624931837
15.064193973220267,20.354501878794256,1.157473977289535,-16.677392207024972,0.8762337577672702,7.5886884714479494,-11.32313637655365,362.6979184901019,373.84453751847775,14.45768099042251,0.36057237317386776
14.96630158509275,19.955132152856386,1.1709738275097639,-16.722197766998274,1.0869156064389274,8.044616613419064,-11.1515336287043,375.61477477288884,383.33189020809965,14.929047693254857,0.3512856411164166
14.933709120140033,20.720058607724738,1.2294289202210305,-16.955209659372375,1.0887290837266743,7.748229119926034,-11.619688949526163,364.0680835536231,369.3030411340677,14.561943254945724,0.36923472582905487
15.184250010013027,19.661803848970365,1.2834952252175702,-17.098669210153663,0.9236713895821418,7.870500993671376,-11.192780429985604,375.12361692400015,386.29399401006145,14.654708844112472,0.3728484814975671
15.227252313014192,20.900470216455407,1.219733576491149,-17.075636641826755,1.0037937835447601,7.685929726717264,-11.206848538026787,359.22172041881873,377.52116572619,14.798194036191555,0.37073117427938723
14.840849655716841,19.97992102467783,1.1402058468982408,-17.09745414017634,1.068332899281107,7.435879339890296,-11.436295408309014,353.98793238298947,360.3949230018205,14.063097789461207,0.36745675446836495
14.827254527806597,19.284612448940976,1.222230133411007,-16.433114951566466,0.9790686180420638,7.854011471678284,-11.639694075299966,372.16944703757804,377.94988540005426,15.037019222103982,0.372468982279178
14.917484490854507,20.064052207455394,1.2598315743322825,-16.70322163885957,1.1072978047766011,7.417549004916045,-11.71876407751892,346.2688605911601,362.68374498813614,14.41556997565315,0.38609932171637773
14.309423650579324,19.65947417126256,1.169510854784031,-18.47019431733214,1.2363872494619361,7.786273190782906,-9.662613248859277,351.7386164481691,370.6978345401379,14.525085323345875,0.37686226584171933
14.545442681340434,20.42032177449436,1.193299141666354,-16.67204961173512,0.9214013967365018,7.526336992233437,-11.510823180658205,351.7042216284328,364.5223469943588,13.996904278108772,0.3646396861683455
15.410062280233358,19.673688010348805,1.2007344097364598,-16.902631902640614,0.8618955396846225,8.19745519984616,-11.36891790393819,393.84722262622876,400.9293702744656,14.961015680269245,0.3642696012051887
15.493490314050385,19.77690828339261,1.160755084345888,-17.009354378222948,1.0303818595604877,7.982272544434944,-11.368899249870847,382.68318764180674,394.3632943098744,14.777699464857136,0.3690514784520424
14.925289188133087,19.055229634527233,1.2324140216921928,-17.194259226544442,1.0721562505126143,7.821150758254296,-11.329608773092831,367.1070562385154,378.7208981635873,14.44201701002833,0.38897850285437807
15.17296708891673,19.773846840375462,1.1939525925696108,-16.437943640006992,0.9769133626155231,8.052741335530934,-11.22206403491444,383.48055664659125,387.41805568859064,15.389399346572048,0.3683884328501424
15.093375046363061,18.788060336685522,1.2209766221953513,-16.52623676893857,1.1453260663321034,7.630736804506853,-12.37468629543353,362.966959198517,374.7650578217999,14.48794513347828,0.3736791965447429
15.92366424253657,19.20804858825714,1.155625391109895,-17.386438833911804,0.8661394200276751,7.908695875734018,-10.655853696502655,387.4386005899665,388.8906626286213,15.125697566926739,0.3654221613143994
15.335872473430372,20.38020732807215,1.1781270849838295,-16.796473856437732,1.069291862303161,7.839962086743743,-10.994780175977333,369.2371418146251,387.34118379445795,14.383033423014664,0.380922337541307
14.96162472255577,20.392900079325415,1.2361190678913885,-17.485828367270642,0.9394139179241107,7.852804016266734,-10.75856951642319,374.5355692136298,373.7015589171409,14.5319376830678,0.388206711568037
14.713337867819872,20.212728780892483,1.1813583423954117,-17.689809082394465,1.1719377906207296,8.054470700021353,-11.030389399664008,378.5263260174998,383.4803935473965,15.201789578885261,0.37580005083873624
14.518066103922727,19.516511928435392,1.2863481925616702,-17.313358612294984,1.1992515353168118,7.94649842055596,-10.724448391306602,375.1247018645519,372.54825413537554,14.880715674095002,0.37378722053415164
15.061039090760167,19.97614432192901,1.18001819071927,-16.568803263808622,0.9233343412216652,7.8577447325650045,-11.53843642407928,368.74442871753746,381.929668524837,14.76938386126242,0.369648883100101
14.773094776414709,19.998198730454718,1.2112342362875943,-16.52343747731196,0.945044286409142,7.469022512754341,-12.074699304520767,351.1890109483837,360.6163378728877,14.271121196134478,0.34561097751532455
14.573323887120697,19.420817655403727,1.2466295415936544,-16.743457289951355,1.0859587886979802,7.607990740944107,-11.5633749676079,345.9887780482855,356.8976785926345,14.653810450067462,0.37946946121902053
14.806028134727242,20.751699150883574,1.1290817133533484,-16.637452106576003,0.9612869350210486,7.775458213280855,-10.98615546351693,366.2857323399789,373.9502503180011,14.580184454159319,0.36945113520840184
14.675535598915681,20.438681145287834,1.1119595594009613,-16.74191085644252,0.9954588782067761,7.81867447485533,-11.0788792329982,362.924954750649,369.5462037109977,14.676992792597746,0.3733606469980994
15.50614249052177,19.889517913085168,1.1237171842714953,-17.320740797611474,1.002538842054241,7.5739592550652155,-11.472302323750231,368.9005410320866,378.51860870872207,14.500686764448437,0.36313173065353505
15.264491927084835,20.013442919497265,1.263129205171359,-16.78403872766303,0.8080326843802343,8.282335335115684,-11.52313854394206,394.5208037591763,400.5704118108456,15.954823315145292,0.3642088722150369
14.997608207605015,20.104191403973775,1.1724070927053776,-16.599795237386157,0.9986162253905763,8.103278811050714,-11.37441556943572,376.9138884653702,390.0828825213291,14.73456860521327,0.3656675300809265
15.443983241667008,18.979132565787854,1.3279099642834127,-16.622854335093212,0.9310272225935826,7.920423664078497,-11.600007553796612,378.14793239447675,385.2855300654482,15.106076747408908,0.38156823693509057
15.023210492294286,19.8764113087397,1.1717876200671304,-16.40554331426268,0.9506877177600228,7.814407372256749,-11.539866279663846,363.28663456622155,375.0275358681934,14.703292707092169,0.3659664561940899
14.741614739601522,19.659007876001102,1.2092275651598519,-16.645848076399467,1.1443632003468813,7.75755820601977,-11.592830700901999,362.52635519289095,369.4127603703589,14.698014602186795,0.3929522194725646
15.456937223180898,19.499189995052543,1.2771054976283938,-16.82427589622921,0.8743493105720743,7.6096163079955526,-11.446469969993828,359.89153894555625,380.2633631369905,14.374337395830564,0.3740537373057661
15.161673013105398,19.859449853557024,1.300304644407956,-16.464924880841785,1.0813205186747976,7.815496103703772,-11.0954243318055,369.05157916171885,387.2419890705887,14.745785752005048,0.35833747887967665
14.688826153702063,20.898843263424762,1.3030751788318198,-17.01326062962453,0.9721037069668191,7.85155050802855,-10.767720703709093,360.39145892072406,371.65342017952247,14.857373108676336,0.36663788761029914
14.942898396574918,20.320421430633505,1.260418311529657,-17.44093732561386,0.9720239831504166,7.551647884903675,-10.949083189240726,354.8556849307433,371.1026794634171,14.938633546879267,0.36256264574867303
14.737314523984573,19.714410505108603,1.2512031262905732,-17.08153348197188,1.0790371896051711,7.866835283448979,-11.008404495890778,371.25364304190424,367.1083766414848,14.909323067850798,0.3494177261876343
14.585160080710699,20.28629139067808,1.229626347460059,-17.372451322403226,1.034005129456889,7.76894819023505,-10.829515975176445,361.6634556486518,364.72904434236295,14.400841181888612,0.38576217791435063
